<?xml version="1.0"?>
<?mso-application progid="Excel.Sheet"?>
<Workbook xmlns="urn:schemas-microsoft-com:office:spreadsheet"
 xmlns:o="urn:schemas-microsoft-com:office:office"
 xmlns:x="urn:schemas-microsoft-com:office:excel"
 xmlns:ss="urn:schemas-microsoft-com:office:spreadsheet"
 xmlns:html="http://www.w3.org/TR/REC-html40">
 <DocumentProperties xmlns="urn:schemas-microsoft-com:office:office">
  <Author>John Burrows</Author>
  <LastAuthor>Rupa Mantravadi</LastAuthor>
  <Created>2015-11-30T16:01:04Z</Created>
  <LastSaved>2015-11-30T18:41:26Z</LastSaved>
  <Version>16.00</Version>
 </DocumentProperties>
 <OfficeDocumentSettings xmlns="urn:schemas-microsoft-com:office:office">
  <AllowPNG/>
 </OfficeDocumentSettings>
 <ExcelWorkbook xmlns="urn:schemas-microsoft-com:office:excel">
  <WindowHeight>9192</WindowHeight>
  <WindowWidth>23040</WindowWidth>
  <WindowTopX>0</WindowTopX>
  <WindowTopY>0</WindowTopY>
  <ProtectStructure>False</ProtectStructure>
  <ProtectWindows>False</ProtectWindows>
 </ExcelWorkbook>
 <Styles>
  <Style ss:ID="Default" ss:Name="Normal">
   <Alignment ss:Vertical="Bottom"/>
   <Borders/>
   <Font ss:FontName="Calibri" x:Family="Swiss" ss:Size="11" ss:Color="#000000"/>
   <Interior/>
   <NumberFormat/>
   <Protection/>
  </Style>
  <Style ss:ID="s62">
   <NumberFormat ss:Format="@"/>
  </Style>
 </Styles>
 <Worksheet ss:Name="Sheet1">
  <Table ss:ExpandedColumnCount="5" ss:ExpandedRowCount="19" x:FullColumns="1"
   x:FullRows="1" ss:DefaultRowHeight="15">
   <Column ss:Width="83.4"/>
   <Column ss:Width="73.8"/>
   <Column ss:AutoFitWidth="0" ss:Width="108"/>
   <Row ss:AutoFitHeight="0">
    <Cell><Data ss:Type="String">Currency Name</Data></Cell>
    <Cell><Data ss:Type="String">Currency Code</Data></Cell>
    <Cell><Data ss:Type="String">Rate</Data></Cell>
    <Cell><Data ss:Type="String">Precision</Data></Cell>
    <Cell><Data ss:Type="String">Symbol</Data></Cell>
   </Row>
   <Row ss:AutoFitHeight="0">
    <Cell><Data ss:Type="String">Canadian Dollar</Data></Cell>
    <Cell><Data ss:Type="String">CAD</Data></Cell>
    <Cell><Data ss:Type="String">1.33320&#160;</Data></Cell>
    <Cell><Data ss:Type="Number">2</Data></Cell>
    <Cell><Data ss:Type="String">$</Data></Cell>
   </Row>
   <Row ss:AutoFitHeight="0">
    <Cell><Data ss:Type="String">円</Data></Cell>
    <Cell><Data ss:Type="String">JPY</Data></Cell>
    <Cell><Data ss:Type="String">123.222&#160;</Data></Cell>
    <Cell><Data ss:Type="Number">0</Data></Cell>
    <Cell><Data ss:Type="String">¥</Data></Cell>
   </Row>
   <Row ss:AutoFitHeight="0">
    <Cell><Data ss:Type="String">Euro</Data></Cell>
    <Cell><Data ss:Type="String">EUR</Data></Cell>
    <Cell><Data ss:Type="String">0.946765&#160;</Data></Cell>
    <Cell><Data ss:Type="Number">2</Data></Cell>
    <Cell><Data ss:Type="String">€</Data></Cell>
   </Row>
   <Row ss:AutoFitHeight="0">
    <Cell><Data ss:Type="String">Pound Sterling</Data></Cell>
    <Cell><Data ss:Type="String">GBP</Data></Cell>
    <Cell><Data ss:Type="String">&#160;0.664655</Data></Cell>
    <Cell><Data ss:Type="Number">2</Data></Cell>
    <Cell><Data ss:Type="String">£</Data></Cell>
   </Row>
   <Row ss:AutoFitHeight="0">
    <Cell><Data ss:Type="String">Peso</Data></Cell>
    <Cell><Data ss:Type="String">MXN</Data></Cell>
    <Cell><Data ss:Type="String">16.5990&#160;</Data></Cell>
    <Cell><Data ss:Type="Number">2</Data></Cell>
    <Cell><Data ss:Type="String">$</Data></Cell>
   </Row>
   <Row ss:AutoFitHeight="0">
    <Cell><Data ss:Type="String">Australian Dollar</Data></Cell>
    <Cell><Data ss:Type="String">AUD</Data></Cell>
    <Cell><Data ss:Type="String">0.723220&#160;</Data></Cell>
    <Cell><Data ss:Type="Number">2</Data></Cell>
    <Cell><Data ss:Type="String">$</Data></Cell>
   </Row>
   <Row ss:AutoFitHeight="0">
    <Cell><Data ss:Type="String">Real</Data></Cell>
    <Cell><Data ss:Type="String">BRL</Data></Cell>
    <Cell><Data ss:Type="String">3.89950&#160;</Data></Cell>
    <Cell><Data ss:Type="Number">2</Data></Cell>
    <Cell><Data ss:Type="String">R$</Data></Cell>
   </Row>
   <Row ss:AutoFitHeight="0">
    <Cell><Data ss:Type="String">Dansk krone</Data></Cell>
    <Cell><Data ss:Type="String">DKK</Data></Cell>
    <Cell><Data ss:Type="String">&#160;7.06459&#160;</Data></Cell>
    <Cell><Data ss:Type="Number">2</Data></Cell>
    <Cell><Data ss:Type="String">kr.</Data></Cell>
   </Row>
   <Row ss:AutoFitHeight="0">
    <Cell><Data ss:Type="String">Rupee</Data></Cell>
    <Cell><Data ss:Type="String">INR</Data></Cell>
    <Cell><Data ss:Type="String">66.5495&#160;</Data></Cell>
    <Cell><Data ss:Type="Number">2</Data></Cell>
    <Cell><Data ss:Type="String">₹</Data></Cell>
   </Row>
   <Row ss:AutoFitHeight="0">
    <Cell><Data ss:Type="String">Norsk krone</Data></Cell>
    <Cell><Data ss:Type="String">NOK</Data></Cell>
    <Cell><Data ss:Type="String">0.114969&#160;</Data></Cell>
    <Cell><Data ss:Type="Number">2</Data></Cell>
    <Cell><Data ss:Type="String">kr</Data></Cell>
   </Row>
   <Row ss:AutoFitHeight="0">
    <Cell><Data ss:Type="String">Svensk krona</Data></Cell>
    <Cell><Data ss:Type="String">SEK</Data></Cell>
    <Cell><Data ss:Type="String">8.73429&#160;</Data></Cell>
    <Cell><Data ss:Type="Number">2</Data></Cell>
    <Cell><Data ss:Type="String">kr</Data></Cell>
   </Row>
   <Row ss:AutoFitHeight="0">
    <Cell><Data ss:Type="String">Schweizer Franken</Data></Cell>
    <Cell><Data ss:Type="String">CHF</Data></Cell>
    <Cell><Data ss:Type="String">1.02762&#160;</Data></Cell>
    <Cell><Data ss:Type="Number">2</Data></Cell>
    <Cell><Data ss:Type="String">Fr.</Data></Cell>
   </Row>
   <Row ss:AutoFitHeight="0">
    <Cell><Data ss:Type="String">人民币</Data></Cell>
    <Cell><Data ss:Type="String">CNY</Data></Cell>
    <Cell><Data ss:Type="String">6.39808&#160;</Data></Cell>
    <Cell><Data ss:Type="Number">2</Data></Cell>
    <Cell><Data ss:Type="String">¥</Data></Cell>
   </Row>
   <Row ss:AutoFitHeight="0">
    <Cell><Data ss:Type="String">солкуобай</Data></Cell>
    <Cell><Data ss:Type="String">RUB</Data></Cell>
    <Cell><Data ss:Type="String">0.0150579&#160;</Data></Cell>
    <Cell><Data ss:Type="Number">2</Data></Cell>
    <Cell><Data ss:Type="String">с.</Data></Cell>
   </Row>
   <Row ss:AutoFitHeight="0">
    <Cell><Data ss:Type="String">درهم اماراتي</Data></Cell>
    <Cell><Data ss:Type="String">AED</Data></Cell>
    <Cell><Data ss:Type="String">3.67280&#160;</Data></Cell>
    <Cell><Data ss:Type="Number">2</Data></Cell>
    <Cell><Data ss:Type="String">د.إ.</Data></Cell>
   </Row>
   <Row ss:AutoFitHeight="0">
    <Cell><Data ss:Type="String">원</Data></Cell>
    <Cell><Data ss:Type="String">KRW</Data></Cell>
    <Cell><Data ss:Type="String">1159.29&#160;</Data></Cell>
    <Cell><Data ss:Type="Number">0</Data></Cell>
    <Cell><Data ss:Type="String">₩</Data></Cell>
   </Row>
   <Row ss:AutoFitHeight="0">
    <Cell><Data ss:Type="String">Singapore Dollar</Data></Cell>
    <Cell><Data ss:Type="String">SGD</Data></Cell>
    <Cell><Data ss:Type="String">1.41027&#160;</Data></Cell>
    <Cell><Data ss:Type="Number">2</Data></Cell>
    <Cell><Data ss:Type="String">$</Data></Cell>
   </Row>
   <Row ss:AutoFitHeight="0">
    <Cell><Data ss:Type="String">US Dollar</Data></Cell>
    <Cell><Data ss:Type="String">USD</Data></Cell>
    <Cell ss:StyleID="s62"><Data ss:Type="String">1.00000</Data></Cell>
    <Cell><Data ss:Type="Number">2</Data></Cell>
    <Cell><Data ss:Type="String">$</Data></Cell>
   </Row>
  </Table>
  <WorksheetOptions xmlns="urn:schemas-microsoft-com:office:excel">
   <PageSetup>
    <Header x:Margin="0.3"/>
    <Footer x:Margin="0.3"/>
    <PageMargins x:Bottom="0.75" x:Left="0.7" x:Right="0.7" x:Top="0.75"/>
   </PageSetup>
   <Unsynced/>
   <Print>
    <ValidPrinterInfo/>
    <HorizontalResolution>600</HorizontalResolution>
    <VerticalResolution>600</VerticalResolution>
   </Print>
   <Selected/>
   <Panes>
    <Pane>
     <Number>3</Number>
     <ActiveRow>21</ActiveRow>
     <ActiveCol>2</ActiveCol>
    </Pane>
   </Panes>
   <ProtectObjects>False</ProtectObjects>
   <ProtectScenarios>False</ProtectScenarios>
  </WorksheetOptions>
 </Worksheet>
</Workbook>
