<Map Name="A14Exchange_rates DM" Source="Import"><Description>Data map created automatically using the map settings specified during an import.</Description><EntitiesPerFile>Single</EntitiesPerFile><EntityMaps><EntityMap TargetEntityName="transactioncurrency" SourceEntityName="Exchange_rates" Dedupe="Ignore" ProcessCode="Process"><AttributeMaps><AttributeMap><SourceAttributeName>Precision</SourceAttributeName><TargetAttributeName>currencyprecision</TargetAttributeName><ProcessCode>Process</ProcessCode></AttributeMap><AttributeMap><SourceAttributeName>Rate</SourceAttributeName><TargetAttributeName>exchangerate</TargetAttributeName><ProcessCode>Process</ProcessCode></AttributeMap><AttributeMap><SourceAttributeName>Currency Name</SourceAttributeName><TargetAttributeName>currencyname</TargetAttributeName><ProcessCode>Process</ProcessCode></AttributeMap><AttributeMap><SourceAttributeName>Symbol</SourceAttributeName><TargetAttributeName>currencysymbol</TargetAttributeName><ProcessCode>Process</ProcessCode></AttributeMap><AttributeMap><SourceAttributeName>Currency Code</SourceAttributeName><TargetAttributeName>isocurrencycode</TargetAttributeName><ProcessCode>Process</ProcessCode></AttributeMap></AttributeMaps></EntityMap></EntityMaps></Map>
