<Map Name="A15 Organizational units DM" Source="Import"><Description>Data map created automatically using the map settings specified during an import.</Description><EntitiesPerFile>Single</EntitiesPerFile><EntityMaps><EntityMap TargetEntityName="msdyn_organizationalunit" SourceEntityName="A15Organizational Units" Dedupe="Ignore" ProcessCode="Process"><AttributeMaps><AttributeMap><SourceAttributeName>Latitude</SourceAttributeName><TargetAttributeName>msdyn_latitude</TargetAttributeName><ProcessCode>Process</ProcessCode></AttributeMap><AttributeMap><SourceAttributeName>Name</SourceAttributeName><TargetAttributeName>msdyn_name</TargetAttributeName><ProcessCode>Process</ProcessCode></AttributeMap><AttributeMap><SourceAttributeName>Longitude</SourceAttributeName><TargetAttributeName>msdyn_longitude</TargetAttributeName><ProcessCode>Process</ProcessCode></AttributeMap><AttributeMap><SourceAttributeName>Created On</SourceAttributeName><TargetAttributeName>overriddencreatedon</TargetAttributeName><ProcessCode>Process</ProcessCode></AttributeMap></AttributeMaps></EntityMap></EntityMaps></Map>