<?xml version="1.0"?>
<?mso-application progid="Excel.Sheet"?>
<Workbook xmlns="urn:schemas-microsoft-com:office:spreadsheet"
 xmlns:o="urn:schemas-microsoft-com:office:office"
 xmlns:x="urn:schemas-microsoft-com:office:excel"
 xmlns:ss="urn:schemas-microsoft-com:office:spreadsheet"
 xmlns:html="http://www.w3.org/TR/REC-html40">
 <DocumentProperties xmlns="urn:schemas-microsoft-com:office:office">
  <Author>administrator</Author>
  <LastAuthor>Windows User</LastAuthor>
  <Created>2016-03-24T19:24:34Z</Created>
  <Version>15.00</Version>
 </DocumentProperties>
 <OfficeDocumentSettings xmlns="urn:schemas-microsoft-com:office:office">
  <AllowPNG/>
 </OfficeDocumentSettings>
 <ExcelWorkbook xmlns="urn:schemas-microsoft-com:office:excel">
  <SupBook>
   <Path>hiddenSheet</Path>
   <SheetName>hiddenSheet</SheetName>
  </SupBook>
  <WindowHeight>5805</WindowHeight>
  <WindowWidth>17250</WindowWidth>
  <WindowTopX>0</WindowTopX>
  <WindowTopY>0</WindowTopY>
  <ProtectStructure>False</ProtectStructure>
  <ProtectWindows>False</ProtectWindows>
 </ExcelWorkbook>
 <Styles>
  <Style ss:ID="Default" ss:Name="Normal">
   <Alignment ss:Vertical="Bottom"/>
   <Borders/>
   <Font ss:FontName="Calibri" ss:Size="11"/>
   <Interior/>
   <NumberFormat/>
   <Protection/>
  </Style>
  <Style ss:ID="s62">
   <NumberFormat ss:Format="@"/>
  </Style>
  <Style ss:ID="s63">
   <NumberFormat ss:Format="General Date"/>
  </Style>
  <Style ss:ID="s64">
   <NumberFormat ss:Format="Short Date"/>
  </Style>
  <Style ss:ID="s65">
   <Font ss:FontName="Calibri" ss:Size="11" ss:Color="#FFFFFF" ss:Bold="1"/>
   <Interior ss:Color="#5B9BD5" ss:Pattern="Solid"/>
  </Style>
 </Styles>
 <Worksheet ss:Name="Unit Groups Advanced Find View">
  <Names>
   <NamedRange ss:Name="Query_from_Microsoft_CRM"
    ss:RefersTo="='Unit Groups Advanced Find View'!R1C1:R4C17"/>
  </Names>
  <Table ss:ExpandedColumnCount="17" ss:ExpandedRowCount="3" x:FullColumns="1"
   x:FullRows="1" ss:DefaultRowHeight="15">
   <Column ss:Hidden="1" ss:AutoFitWidth="0"/>
   <Column ss:StyleID="s62" ss:Hidden="1" ss:AutoFitWidth="0"/>
   <Column ss:StyleID="s63" ss:Hidden="1" ss:AutoFitWidth="0"/>
   <Column ss:StyleID="s62" ss:AutoFitWidth="0" ss:Width="220.5"/>
   <Column ss:StyleID="s62" ss:AutoFitWidth="0" ss:Width="73.5" ss:Span="3"/>
   <Column ss:Index="9" ss:StyleID="s63" ss:AutoFitWidth="0" ss:Width="73.5"/>
   <Column ss:StyleID="s62" ss:AutoFitWidth="0" ss:Width="73.5" ss:Span="3"/>
   <Column ss:Index="14" ss:StyleID="s63" ss:AutoFitWidth="0" ss:Width="73.5"/>
   <Column ss:StyleID="s64" ss:AutoFitWidth="0" ss:Width="73.5"/>
   <Column ss:StyleID="s62" ss:AutoFitWidth="0" ss:Width="73.5" ss:Span="1"/>
   <Row ss:AutoFitHeight="0">
    <Cell ss:StyleID="s65"><Data ss:Type="String">(Do Not Modify) Unit Group</Data><NamedCell
      ss:Name="Query_from_Microsoft_CRM"/></Cell>
    <Cell ss:StyleID="s65"><Data ss:Type="String">(Do Not Modify) Row Checksum</Data><NamedCell
      ss:Name="Query_from_Microsoft_CRM"/></Cell>
    <Cell ss:StyleID="s65"><Data ss:Type="String">(Do Not Modify) Modified On</Data><NamedCell
      ss:Name="Query_from_Microsoft_CRM"/></Cell>
    <Cell ss:StyleID="s65"><Data ss:Type="String">Name</Data><NamedCell
      ss:Name="Query_from_Microsoft_CRM"/></Cell>
    <Cell ss:StyleID="s65"><Data ss:Type="String">Created By</Data><NamedCell
      ss:Name="Query_from_Microsoft_CRM"/></Cell>
    <Cell ss:StyleID="s65"><Data ss:Type="String">BaseUOMName</Data><NamedCell
      ss:Name="Query_from_Microsoft_CRM"/></Cell>
    <Cell ss:StyleID="s65"><Data ss:Type="String">Created By (Delegate)</Data><NamedCell
      ss:Name="Query_from_Microsoft_CRM"/></Cell>
    <Cell ss:StyleID="s65"><Data ss:Type="String">Created By (External Party)</Data><NamedCell
      ss:Name="Query_from_Microsoft_CRM"/></Cell>
    <Cell ss:StyleID="s65"><Data ss:Type="String">Created On</Data><NamedCell
      ss:Name="Query_from_Microsoft_CRM"/></Cell>
    <Cell ss:StyleID="s65"><Data ss:Type="String">Description</Data><NamedCell
      ss:Name="Query_from_Microsoft_CRM"/></Cell>
    <Cell ss:StyleID="s65"><Data ss:Type="String">Modified By</Data><NamedCell
      ss:Name="Query_from_Microsoft_CRM"/></Cell>
    <Cell ss:StyleID="s65"><Data ss:Type="String">Modified By (Delegate)</Data><NamedCell
      ss:Name="Query_from_Microsoft_CRM"/></Cell>
    <Cell ss:StyleID="s65"><Data ss:Type="String">Modified By (External Party)</Data><NamedCell
      ss:Name="Query_from_Microsoft_CRM"/></Cell>
    <Cell ss:StyleID="s65"><Data ss:Type="String">Modified On</Data><NamedCell
      ss:Name="Query_from_Microsoft_CRM"/></Cell>
    <Cell ss:StyleID="s65"><Data ss:Type="String">Record Created On</Data><NamedCell
      ss:Name="Query_from_Microsoft_CRM"/></Cell>
    <Cell ss:StyleID="s65"><Data ss:Type="String">Status</Data><NamedCell
      ss:Name="Query_from_Microsoft_CRM"/></Cell>
    <Cell ss:StyleID="s65"><Data ss:Type="String">Status Reason</Data><NamedCell
      ss:Name="Query_from_Microsoft_CRM"/></Cell>
   </Row>
   <Row ss:AutoFitHeight="0">
    <Cell><Data ss:Type="String">5fb537ff-eff1-e511-80fc-00155de27c05</Data><NamedCell
      ss:Name="Query_from_Microsoft_CRM"/></Cell>
    <Cell><Data ss:Type="String">jV+UnBLOjkTaxDEDopgjZVxJt39U5pBZZ90BWnK1DW9tq5gIOgPo255W7LWeQVFJy7Nbjaxrkb6qfX+9IPi35Q==</Data><NamedCell
      ss:Name="Query_from_Microsoft_CRM"/></Cell>
    <Cell><Data ss:Type="DateTime">2016-03-24T11:41:20.000</Data><NamedCell
      ss:Name="Query_from_Microsoft_CRM"/></Cell>
    <Cell><Data ss:Type="String">Business User</Data><NamedCell
      ss:Name="Query_from_Microsoft_CRM"/></Cell>
    <Cell><Data ss:Type="String">First name Last name</Data><NamedCell
      ss:Name="Query_from_Microsoft_CRM"/></Cell>
    <Cell><Data ss:Type="String">Administrative User</Data><NamedCell
      ss:Name="Query_from_Microsoft_CRM"/></Cell>
    <Cell><Data ss:Type="String"></Data><NamedCell
      ss:Name="Query_from_Microsoft_CRM"/></Cell>
    <Cell><Data ss:Type="String"></Data><NamedCell
      ss:Name="Query_from_Microsoft_CRM"/></Cell>
    <Cell><Data ss:Type="DateTime">2016-03-24T11:41:20.000</Data><NamedCell
      ss:Name="Query_from_Microsoft_CRM"/></Cell>
    <Cell><Data ss:Type="String"></Data><NamedCell
      ss:Name="Query_from_Microsoft_CRM"/></Cell>
    <Cell><Data ss:Type="String">First name Last name</Data><NamedCell
      ss:Name="Query_from_Microsoft_CRM"/></Cell>
    <Cell><Data ss:Type="String"></Data><NamedCell
      ss:Name="Query_from_Microsoft_CRM"/></Cell>
    <Cell><Data ss:Type="String"></Data><NamedCell
      ss:Name="Query_from_Microsoft_CRM"/></Cell>
    <Cell><Data ss:Type="DateTime">2016-03-24T11:41:20.000</Data><NamedCell
      ss:Name="Query_from_Microsoft_CRM"/></Cell>
    <Cell ss:Index="16"><Data ss:Type="String">Active</Data><NamedCell
      ss:Name="Query_from_Microsoft_CRM"/></Cell>
    <Cell><Data ss:Type="String">Active</Data><NamedCell
      ss:Name="Query_from_Microsoft_CRM"/></Cell>
   </Row>
   <Row ss:AutoFitHeight="0">
    <Cell ss:Index="4"><Data ss:Type="String">Time</Data><NamedCell
      ss:Name="Query_from_Microsoft_CRM"/></Cell>
    <Cell><Data ss:Type="String">First name Last name</Data><NamedCell
      ss:Name="Query_from_Microsoft_CRM"/></Cell>
    <Cell><Data ss:Type="String">Hour</Data><NamedCell
      ss:Name="Query_from_Microsoft_CRM"/></Cell>
    <Cell ss:Index="9"><Data ss:Type="DateTime">2016-03-25T11:41:19.995</Data><NamedCell
      ss:Name="Query_from_Microsoft_CRM"/></Cell>
    <Cell ss:Index="11"><Data ss:Type="String">First name Last name</Data><NamedCell
      ss:Name="Query_from_Microsoft_CRM"/></Cell>
    <Cell ss:Index="14"><Data ss:Type="DateTime">2016-03-25T11:41:19.995</Data><NamedCell
      ss:Name="Query_from_Microsoft_CRM"/></Cell>
    <Cell ss:Index="16"><Data ss:Type="String">Active</Data><NamedCell
      ss:Name="Query_from_Microsoft_CRM"/></Cell>
    <Cell><Data ss:Type="String">Active</Data><NamedCell
      ss:Name="Query_from_Microsoft_CRM"/></Cell>
   </Row>
  </Table>
  <WorksheetOptions xmlns="urn:schemas-microsoft-com:office:excel">
   <PageSetup>
    <Header x:Margin="0.3"/>
    <Footer x:Margin="0.3"/>
    <PageMargins x:Bottom="0.75" x:Left="0.7" x:Right="0.7" x:Top="0.75"/>
   </PageSetup>
   <Unsynced/>
   <Selected/>
   <LeftColumnVisible>3</LeftColumnVisible>
   <Panes>
    <Pane>
     <Number>3</Number>
     <ActiveRow>6</ActiveRow>
     <ActiveCol>15</ActiveCol>
    </Pane>
   </Panes>
   <ProtectObjects>False</ProtectObjects>
   <ProtectScenarios>False</ProtectScenarios>
  </WorksheetOptions>
  <QueryTable xmlns="urn:schemas-microsoft-com:office:excel">
   <NoTitles/>
   <NoAutoFit/>
   <OverwriteCells/>
   <Name>Query from Microsoft CRM</Name>
   <QuerySource>
    <QueryType>Web</QueryType>
    <EnableRedirections/>
    <RefreshedInXl9/>
    <EntirePage/>
    <HTMLFormat>All</HTMLFormat>
    <URLString
     x:HRef="http://ironcore/contoso/_grid/print/print_data.aspx?tweener=1"/>
    <WebPostString>exportType=dynamicXlsx&amp;gridXml=%3cgrid%3e%3csortColumns%3ename%3a1%3c%2fsortColumns%3e%3cpageNum%3e1%3c%2fpageNum%3e%3crecsPerPage%3e50%3c%2frecsPerPage%3e%3cdataProvider%3eMicrosoft.Crm.Application.Platform.Grid.GridDataProviderQ</WebPostString>
    <WebPostString>ueryBuilder%3c%2fdataProvider%3e%3cuiProvider%3eMicrosoft.Crm.Application.Controls.GridUIProvider%3c%2fuiProvider%3e%3ccols%20%2f%3e%3cmax%3e-1%3c%2fmax%3e%3crefreshAsync%3eTrue%3c%2frefreshAsync%3e%3cpagingCookie%20%2f%3e%3cenabl</WebPostString>
    <WebPostString>eMultiSort%3etrue%3c%2fenableMultiSort%3e%3cenablePagingWhenOnePage%3etrue%3c%2fenablePagingWhenOnePage%3e%3crefreshCalledFromRefreshButton%3e1%3c%2frefreshCalledFromRefreshButton%3e%3ctotalrecordcount%3e3%3c%2ftotalrecordcount%3e</WebPostString>
    <WebPostString>%3callrecordscounted%3etrue%3c%2fallrecordscounted%3e%3creturntotalrecordcount%3etrue%3c%2freturntotalrecordcount%3e%3cgetParameters%3e%3c%2fgetParameters%3e%3cparameters%3e%3cautorefresh%3e1%3c%2fautorefresh%3e%3cisGridHidden%3ef</WebPostString>
    <WebPostString>alse%3c%2fisGridHidden%3e%3csubgridAutoExpand%3e0%3c%2fsubgridAutoExpand%3e%3cfixedsizerows%3e0%3c%2ffixedsizerows%3e%3ctabindex%3e0%3c%2ftabindex%3e%3cenablesingleclick%3e0%3c%2fenablesingleclick%3e%3cisGridFilteringEnabled%3e0%3</WebPostString>
    <WebPostString>c%2fisGridFilteringEnabled%3e%3crefreshasynchronous%3e1%3c%2frefreshasynchronous%3e%3cdisableDblClick%3e0%3c%2fdisableDblClick%3e%3cviewid%3e%7b8D3B02FC-77FD-4687-A38D-9B88D56687FB%7d%3c%2fviewid%3e%3cviewtype%3e1039%3c%2fviewtype</WebPostString>
    <WebPostString>%3e%3cRecordsPerPage%3e50%3c%2fRecordsPerPage%3e%3cviewTitle%3eUnit%20Groups%20Advanced%20Find%20View%3c%2fviewTitle%3e%3clayoutXml%3e%26lt%3bgrid%20name%3d%22resultset%22%20object%3d%221056%22%20jump%3d%22name%22%20select%3d%221%</WebPostString>
    <WebPostString>22%20icon%3d%221%22%20preview%3d%220%22%26gt%3b%26lt%3brow%20name%3d%22result%22%20id%3d%22uomscheduleid%22%26gt%3b%26lt%3bcell%20name%3d%22name%22%20width%3d%22300%22%2f%26gt%3b%26lt%3bcell%20name%3d%22createdby%22%20width%3d%221</WebPostString>
    <WebPostString>00%22%2f%26gt%3b%26lt%3bcell%20name%3d%22createdonbehalfby%22%20width%3d%22100%22%2f%26gt%3b%26lt%3bcell%20name%3d%22createdbyexternalparty%22%20width%3d%22100%22%2f%26gt%3b%26lt%3bcell%20name%3d%22createdon%22%20width%3d%22100%22</WebPostString>
    <WebPostString>%2f%26gt%3b%26lt%3bcell%20name%3d%22description%22%20width%3d%22100%22%20disableSorting%3d%221%22%2f%26gt%3b%26lt%3bcell%20name%3d%22modifiedby%22%20width%3d%22100%22%2f%26gt%3b%26lt%3bcell%20name%3d%22modifiedonbehalfby%22%20widt</WebPostString>
    <WebPostString>h%3d%22100%22%2f%26gt%3b%26lt%3bcell%20name%3d%22modifiedbyexternalparty%22%20width%3d%22100%22%2f%26gt%3b%26lt%3bcell%20name%3d%22modifiedon%22%20width%3d%22100%22%2f%26gt%3b%26lt%3bcell%20name%3d%22overriddencreatedon%22%20width</WebPostString>
    <WebPostString>%3d%22100%22%2f%26gt%3b%26lt%3bcell%20name%3d%22statecode%22%20width%3d%22100%22%2f%26gt%3b%26lt%3bcell%20name%3d%22statuscode%22%20width%3d%22100%22%2f%26gt%3b%26lt%3b%2frow%26gt%3b%26lt%3b%2fgrid%26gt%3b%3c%2flayoutXml%3e%3cotc%</WebPostString>
    <WebPostString>3e1056%3c%2fotc%3e%3cotn%3euomschedule%3c%2fotn%3e%3centitydisplayname%3eUnit%20Group%3c%2fentitydisplayname%3e%3ctitleformat%3e%7b0%7d%20%7b1%7d%3c%2ftitleformat%3e%3centitypluraldisplayname%3eUnit%20Groups%3c%2fentitypluraldispl</WebPostString>
    <WebPostString>ayname%3e%3csuppressfetch%3e0%3c%2fsuppressfetch%3e%3cshowjumpbar%3e0%3c%2fshowjumpbar%3e%3cfetchXml%3e%26lt%3bfetch%20version%3d%221.0%22%20output-format%3d%22xml-platform%22%20mapping%3d%22logical%22%20distinct%3d%22false%22%26g</WebPostString>
    <WebPostString>t%3b%26lt%3bentity%20name%3d%22uomschedule%22%26gt%3b%26lt%3battribute%20name%3d%22uomscheduleid%22%2f%26gt%3b%26lt%3battribute%20name%3d%22name%22%2f%26gt%3b%26lt%3battribute%20name%3d%22statuscode%22%2f%26gt%3b%26lt%3battribute%</WebPostString>
    <WebPostString>20name%3d%22statecode%22%2f%26gt%3b%26lt%3battribute%20name%3d%22overriddencreatedon%22%2f%26gt%3b%26lt%3battribute%20name%3d%22modifiedon%22%2f%26gt%3b%26lt%3battribute%20name%3d%22modifiedbyexternalparty%22%2f%26gt%3b%26lt%3batt</WebPostString>
    <WebPostString>ribute%20name%3d%22modifiedonbehalfby%22%2f%26gt%3b%26lt%3battribute%20name%3d%22modifiedby%22%2f%26gt%3b%26lt%3battribute%20name%3d%22description%22%2f%26gt%3b%26lt%3battribute%20name%3d%22createdon%22%2f%26gt%3b%26lt%3battribute</WebPostString>
    <WebPostString>%20name%3d%22createdbyexternalparty%22%2f%26gt%3b%26lt%3battribute%20name%3d%22createdonbehalfby%22%2f%26gt%3b%26lt%3battribute%20name%3d%22createdby%22%2f%26gt%3b%26lt%3border%20attribute%3d%22name%22%20descending%3d%22false%22%2</WebPostString>
    <WebPostString>f%26gt%3b%26lt%3b%2fentity%26gt%3b%26lt%3b%2ffetch%26gt%3b%3c%2ffetchXml%3e%3crelationshipType%3e0%3c%2frelationshipType%3e%3cribbonContext%3eSubGridStandard%3c%2fribbonContext%3e%3cmaxrowsbeforescroll%3e-1%3c%2fmaxrowsbeforescrol</WebPostString>
    <WebPostString>l%3e%3cGridType%3eSubGrid%3c%2fGridType%3e%3cisWorkflowSupported%3efalse%3c%2fisWorkflowSupported%3e%3cfetchXmlForFilters%3e%26lt%3bfetch%20version%3d%221.0%22%20output-format%3d%22xml-platform%22%20mapping%3d%22logical%22%26gt%3b</WebPostString>
    <WebPostString>%26lt%3bentity%20name%3d%22uomschedule%22%26gt%3b%26lt%3battribute%20name%3d%22uomscheduleid%22%20%2f%26gt%3b%26lt%3battribute%20name%3d%22name%22%20%2f%26gt%3b%26lt%3border%20attribute%3d%22name%22%20descending%3d%22false%22%20%2</WebPostString>
    <WebPostString>f%26gt%3b%26lt%3b%2fentity%26gt%3b%26lt%3b%2ffetch%26gt%3b%3c%2ffetchXmlForFilters%3e%3cisFetchXmlNotFinal%3eFalse%3c%2fisFetchXmlNotFinal%3e%3ceffectiveFetchXml%3e%26lt%3bfetch%20distinct%3d%22false%22%20no-lock%3d%22false%22%20m</WebPostString>
    <WebPostString>apping%3d%22logical%22%20page%3d%221%22%20count%3d%2250%22%20returntotalrecordcount%3d%22true%22%26gt%3b%26lt%3bentity%20name%3d%22uomschedule%22%26gt%3b%26lt%3battribute%20name%3d%22uomscheduleid%22%20%2f%26gt%3b%26lt%3battribute</WebPostString>
    <WebPostString>%20name%3d%22name%22%20%2f%26gt%3b%26lt%3battribute%20name%3d%22statuscode%22%20%2f%26gt%3b%26lt%3battribute%20name%3d%22statecode%22%20%2f%26gt%3b%26lt%3battribute%20name%3d%22overriddencreatedon%22%20%2f%26gt%3b%26lt%3battribute</WebPostString>
    <WebPostString>%20name%3d%22modifiedon%22%20%2f%26gt%3b%26lt%3battribute%20name%3d%22modifiedbyexternalparty%22%20%2f%26gt%3b%26lt%3battribute%20name%3d%22modifiedonbehalfby%22%20%2f%26gt%3b%26lt%3battribute%20name%3d%22modifiedby%22%20%2f%26gt%</WebPostString>
    <WebPostString>3b%26lt%3battribute%20name%3d%22description%22%20%2f%26gt%3b%26lt%3battribute%20name%3d%22createdon%22%20%2f%26gt%3b%26lt%3battribute%20name%3d%22createdbyexternalparty%22%20%2f%26gt%3b%26lt%3battribute%20name%3d%22createdonbehalf</WebPostString>
    <WebPostString>by%22%20%2f%26gt%3b%26lt%3battribute%20name%3d%22createdby%22%20%2f%26gt%3b%26lt%3battribute%20name%3d%22name%22%20%2f%26gt%3b%26lt%3battribute%20name%3d%22createdby%22%20%2f%26gt%3b%26lt%3battribute%20name%3d%22createdonbehalfby%</WebPostString>
    <WebPostString>22%20%2f%26gt%3b%26lt%3battribute%20name%3d%22createdbyexternalparty%22%20%2f%26gt%3b%26lt%3battribute%20name%3d%22createdon%22%20%2f%26gt%3b%26lt%3battribute%20name%3d%22description%22%20%2f%26gt%3b%26lt%3battribute%20name%3d%22m</WebPostString>
    <WebPostString>odifiedby%22%20%2f%26gt%3b%26lt%3battribute%20name%3d%22modifiedonbehalfby%22%20%2f%26gt%3b%26lt%3battribute%20name%3d%22modifiedbyexternalparty%22%20%2f%26gt%3b%26lt%3battribute%20name%3d%22modifiedon%22%20%2f%26gt%3b%26lt%3battr</WebPostString>
    <WebPostString>ibute%20name%3d%22overriddencreatedon%22%20%2f%26gt%3b%26lt%3battribute%20name%3d%22statecode%22%20%2f%26gt%3b%26lt%3battribute%20name%3d%22statuscode%22%20%2f%26gt%3b%26lt%3border%20attribute%3d%22name%22%20descending%3d%22false%</WebPostString>
    <WebPostString>22%20%2f%26gt%3b%26lt%3b%2fentity%26gt%3b%26lt%3b%2ffetch%26gt%3b%3c%2feffectiveFetchXml%3e%3cLayoutStyle%3eGridList%3c%2fLayoutStyle%3e%3cenableFilters%3e1%3c%2fenableFilters%3e%3cisTurboForm%3e0%3c%2fisTurboForm%3e%3c%2fparamete</WebPostString>
    <WebPostString>rs%3e%3ccolumns%3e%3ccolumn%20width%3d%22300%22%20isHidden%3d%22false%22%20isMetadataBound%3d%22true%22%20isSortable%3d%22true%22%20label%3d%22Name%22%20fieldname%3d%22name%22%20entityname%3d%22uomschedule%22%20renderertype%3d%22C</WebPostString>
    <WebPostString>rm.PrimaryField%22%3ename%3c%2fcolumn%3e%3ccolumn%20width%3d%22100%22%20isHidden%3d%22false%22%20isMetadataBound%3d%22true%22%20isSortable%3d%22true%22%20label%3d%22Created%20By%22%20fieldname%3d%22createdby%22%20entityname%3d%22u</WebPostString>
    <WebPostString>omschedule%22%20renderertype%3d%22lookup%22%3ecreatedby%3c%2fcolumn%3e%3ccolumn%20width%3d%22100%22%20isHidden%3d%22false%22%20isMetadataBound%3d%22true%22%20isSortable%3d%22true%22%20label%3d%22Created%20By%20%28Delegate%29%22%20</WebPostString>
    <WebPostString>fieldname%3d%22createdonbehalfby%22%20entityname%3d%22uomschedule%22%20renderertype%3d%22lookup%22%3ecreatedonbehalfby%3c%2fcolumn%3e%3ccolumn%20width%3d%22100%22%20isHidden%3d%22false%22%20isMetadataBound%3d%22true%22%20isSortabl</WebPostString>
    <WebPostString>e%3d%22true%22%20label%3d%22Created%20By%20%28External%20Party%29%22%20fieldname%3d%22createdbyexternalparty%22%20entityname%3d%22uomschedule%22%20renderertype%3d%22lookup%22%3ecreatedbyexternalparty%3c%2fcolumn%3e%3ccolumn%20widt</WebPostString>
    <WebPostString>h%3d%22100%22%20isHidden%3d%22false%22%20isMetadataBound%3d%22true%22%20isSortable%3d%22true%22%20label%3d%22Created%20On%22%20fieldname%3d%22createdon%22%20entityname%3d%22uomschedule%22%20renderertype%3d%22datetime%22%3ecreatedo</WebPostString>
    <WebPostString>n%3c%2fcolumn%3e%3ccolumn%20width%3d%22100%22%20isHidden%3d%22false%22%20isMetadataBound%3d%22true%22%20isSortable%3d%22false%22%20label%3d%22Description%22%20fieldname%3d%22description%22%20entityname%3d%22uomschedule%22%20render</WebPostString>
    <WebPostString>ertype%3d%22ntext%22%3edescription%3c%2fcolumn%3e%3ccolumn%20width%3d%22100%22%20isHidden%3d%22false%22%20isMetadataBound%3d%22true%22%20isSortable%3d%22true%22%20label%3d%22Modified%20By%22%20fieldname%3d%22modifiedby%22%20entity</WebPostString>
    <WebPostString>name%3d%22uomschedule%22%20renderertype%3d%22lookup%22%3emodifiedby%3c%2fcolumn%3e%3ccolumn%20width%3d%22100%22%20isHidden%3d%22false%22%20isMetadataBound%3d%22true%22%20isSortable%3d%22true%22%20label%3d%22Modified%20By%20%28Dele</WebPostString>
    <WebPostString>gate%29%22%20fieldname%3d%22modifiedonbehalfby%22%20entityname%3d%22uomschedule%22%20renderertype%3d%22lookup%22%3emodifiedonbehalfby%3c%2fcolumn%3e%3ccolumn%20width%3d%22100%22%20isHidden%3d%22false%22%20isMetadataBound%3d%22true</WebPostString>
    <WebPostString>%22%20isSortable%3d%22true%22%20label%3d%22Modified%20By%20%28External%20Party%29%22%20fieldname%3d%22modifiedbyexternalparty%22%20entityname%3d%22uomschedule%22%20renderertype%3d%22lookup%22%3emodifiedbyexternalparty%3c%2fcolumn%</WebPostString>
    <WebPostString>3e%3ccolumn%20width%3d%22100%22%20isHidden%3d%22false%22%20isMetadataBound%3d%22true%22%20isSortable%3d%22true%22%20label%3d%22Modified%20On%22%20fieldname%3d%22modifiedon%22%20entityname%3d%22uomschedule%22%20renderertype%3d%22da</WebPostString>
    <WebPostString>tetime%22%3emodifiedon%3c%2fcolumn%3e%3ccolumn%20width%3d%22100%22%20isHidden%3d%22false%22%20isMetadataBound%3d%22true%22%20isSortable%3d%22true%22%20label%3d%22Record%20Created%20On%22%20fieldname%3d%22overriddencreatedon%22%20e</WebPostString>
    <WebPostString>ntityname%3d%22uomschedule%22%20renderertype%3d%22datetime%22%3eoverriddencreatedon%3c%2fcolumn%3e%3ccolumn%20width%3d%22100%22%20isHidden%3d%22false%22%20isMetadataBound%3d%22true%22%20isSortable%3d%22true%22%20label%3d%22Status%</WebPostString>
    <WebPostString>22%20fieldname%3d%22statecode%22%20entityname%3d%22uomschedule%22%20renderertype%3d%22state%22%3estatecode%3c%2fcolumn%3e%3ccolumn%20width%3d%22100%22%20isHidden%3d%22false%22%20isMetadataBound%3d%22true%22%20isSortable%3d%22true%</WebPostString>
    <WebPostString>22%20label%3d%22Status%20Reason%22%20fieldname%3d%22statuscode%22%20entityname%3d%22uomschedule%22%20renderertype%3d%22status%22%3estatuscode%3c%2fcolumn%3e%3c%2fcolumns%3e%3c%2fgrid%3e&amp;fetchXml=%3cfetch%20version%3d%221.0%22%20ou</WebPostString>
    <WebPostString>tput-format%3d%22xml-platform%22%20mapping%3d%22logical%22%20distinct%3d%22false%22%3e%3centity%20name%3d%22uomschedule%22%3e%3cattribute%20name%3d%22uomscheduleid%22%2f%3e%3cattribute%20name%3d%22name%22%2f%3e%3cattribute%20name%</WebPostString>
    <WebPostString>3d%22statuscode%22%2f%3e%3cattribute%20name%3d%22statecode%22%2f%3e%3cattribute%20name%3d%22overriddencreatedon%22%2f%3e%3cattribute%20name%3d%22modifiedon%22%2f%3e%3cattribute%20name%3d%22modifiedbyexternalparty%22%2f%3e%3cattrib</WebPostString>
    <WebPostString>ute%20name%3d%22modifiedonbehalfby%22%2f%3e%3cattribute%20name%3d%22modifiedby%22%2f%3e%3cattribute%20name%3d%22description%22%2f%3e%3cattribute%20name%3d%22createdon%22%2f%3e%3cattribute%20name%3d%22createdbyexternalparty%22%2f%3</WebPostString>
    <WebPostString>e%3cattribute%20name%3d%22createdonbehalfby%22%2f%3e%3cattribute%20name%3d%22createdby%22%2f%3e%3corder%20attribute%3d%22name%22%20descending%3d%22false%22%2f%3e%3c%2fentity%3e%3c%2ffetch%3e&amp;layoutXml=%3cgrid%20name%3d%22excelGrid</WebPostString>
    <WebPostString>%22%20select%3d%220%22%20icon%3d%220%22%20preview%3d%220%22%3e%3crow%20name%3d%22result%22%20id%3d%22uomscheduleid%22%3e%3ccell%20name%3d%22name%22%20width%3d%22300%22%2f%3e%3ccell%20name%3d%22createdby%22%20width%3d%22100%22%2f%3</WebPostString>
    <WebPostString>e%3ccell%20name%3d%22createdonbehalfby%22%20width%3d%22100%22%2f%3e%3ccell%20name%3d%22createdbyexternalparty%22%20width%3d%22100%22%2f%3e%3ccell%20name%3d%22createdon%22%20width%3d%22100%22%2f%3e%3ccell%20name%3d%22description%22</WebPostString>
    <WebPostString>%20width%3d%22100%22%20disableSorting%3d%221%22%2f%3e%3ccell%20name%3d%22modifiedby%22%20width%3d%22100%22%2f%3e%3ccell%20name%3d%22modifiedonbehalfby%22%20width%3d%22100%22%2f%3e%3ccell%20name%3d%22modifiedbyexternalparty%22%20wi</WebPostString>
    <WebPostString>dth%3d%22100%22%2f%3e%3ccell%20name%3d%22modifiedon%22%20width%3d%22100%22%2f%3e%3ccell%20name%3d%22overriddencreatedon%22%20width%3d%22100%22%2f%3e%3ccell%20name%3d%22statecode%22%20width%3d%22100%22%2f%3e%3ccell%20name%3d%22stat</WebPostString>
    <WebPostString>uscode%22%20width%3d%22100%22%2f%3e%3c%2frow%3e%3c%2fgrid%3e&amp;printAllPages=1</WebPostString>
    <VersionLastEdit>2</VersionLastEdit>
    <VersionLastRefresh>2</VersionLastRefresh>
   </QuerySource>
  </QueryTable>
  <DataValidation xmlns="urn:schemas-microsoft-com:office:excel">
   <Range>R2C3:R1048576C3</Range>
   <Type>Date</Type>
   <Qualifier>GreaterOrEqual</Qualifier>
   <Value>1</Value>
   <InputTitle>Date and time</InputTitle>
   <InputMessage> </InputMessage>
   <ErrorMessage>(Do Not Modify) Modified On must be in the correct date and time format.</ErrorMessage>
   <ErrorTitle>Invalid Date</ErrorTitle>
  </DataValidation>
  <DataValidation xmlns="urn:schemas-microsoft-com:office:excel">
   <Range>R2C4:R1048576C4</Range>
   <Type>TextLength</Type>
   <Qualifier>LessOrEqual</Qualifier>
   <UseBlank/>
   <Value>200</Value>
   <InputTitle>Text (required)</InputTitle>
   <InputMessage>Maximum Length: 200 characters.</InputMessage>
   <ErrorMessage>This value must be less than or equal to 200 characters long.</ErrorMessage>
   <ErrorTitle>Length Exceeded</ErrorTitle>
  </DataValidation>
  <DataValidation xmlns="urn:schemas-microsoft-com:office:excel">
   <Range>R2C5:R1048576C6</Range>
   <InputTitle>Lookup</InputTitle>
   <InputMessage>This Created By record must already exist in Microsoft Dynamics CRM or in this source file.</InputMessage>
   <ErrorMessage> </ErrorMessage>
  </DataValidation>
  <DataValidation xmlns="urn:schemas-microsoft-com:office:excel">
   <Range>R2C7:R1048576C7</Range>
   <InputTitle>Lookup</InputTitle>
   <InputMessage>This Created By (Delegate) record must already exist in Microsoft Dynamics CRM or in this source file.</InputMessage>
   <ErrorMessage> </ErrorMessage>
  </DataValidation>
  <DataValidation xmlns="urn:schemas-microsoft-com:office:excel">
   <Range>R2C8:R1048576C8</Range>
   <InputTitle>Lookup</InputTitle>
   <InputMessage>This Created By (External Party) record must already exist in Microsoft Dynamics CRM or in this source file.</InputMessage>
   <ErrorMessage> </ErrorMessage>
  </DataValidation>
  <DataValidation xmlns="urn:schemas-microsoft-com:office:excel">
   <Range>R2C9:R1048576C9</Range>
   <Type>Date</Type>
   <Qualifier>GreaterOrEqual</Qualifier>
   <Value>1</Value>
   <InputTitle>Date and time</InputTitle>
   <InputMessage> </InputMessage>
   <ErrorMessage>Created On must be in the correct date and time format.</ErrorMessage>
   <ErrorTitle>Invalid Date</ErrorTitle>
  </DataValidation>
  <DataValidation xmlns="urn:schemas-microsoft-com:office:excel">
   <Range>R2C10:R1048576C10</Range>
   <Type>TextLength</Type>
   <Qualifier>LessOrEqual</Qualifier>
   <Value>2000</Value>
   <InputTitle>Text</InputTitle>
   <InputMessage>Maximum Length: 2000 characters.</InputMessage>
   <ErrorMessage>This value must be less than or equal to 2000 characters long.</ErrorMessage>
   <ErrorTitle>Length Exceeded</ErrorTitle>
  </DataValidation>
  <DataValidation xmlns="urn:schemas-microsoft-com:office:excel">
   <Range>R2C11:R1048576C11</Range>
   <InputTitle>Lookup</InputTitle>
   <InputMessage>This Modified By record must already exist in Microsoft Dynamics CRM or in this source file.</InputMessage>
   <ErrorMessage> </ErrorMessage>
  </DataValidation>
  <DataValidation xmlns="urn:schemas-microsoft-com:office:excel">
   <Range>R2C12:R1048576C12</Range>
   <InputTitle>Lookup</InputTitle>
   <InputMessage>This Modified By (Delegate) record must already exist in Microsoft Dynamics CRM or in this source file.</InputMessage>
   <ErrorMessage> </ErrorMessage>
  </DataValidation>
  <DataValidation xmlns="urn:schemas-microsoft-com:office:excel">
   <Range>R2C13:R1048576C13</Range>
   <InputTitle>Lookup</InputTitle>
   <InputMessage>This Modified By (External Party) record must already exist in Microsoft Dynamics CRM or in this source file.</InputMessage>
   <ErrorMessage> </ErrorMessage>
  </DataValidation>
  <DataValidation xmlns="urn:schemas-microsoft-com:office:excel">
   <Range>R2C14:R1048576C14</Range>
   <Type>Date</Type>
   <Qualifier>GreaterOrEqual</Qualifier>
   <Value>1</Value>
   <InputTitle>Date and time</InputTitle>
   <InputMessage> </InputMessage>
   <ErrorMessage>Modified On must be in the correct date and time format.</ErrorMessage>
   <ErrorTitle>Invalid Date</ErrorTitle>
  </DataValidation>
  <DataValidation xmlns="urn:schemas-microsoft-com:office:excel">
   <Range>R2C15:R1048576C15</Range>
   <Type>Date</Type>
   <Qualifier>GreaterOrEqual</Qualifier>
   <Value>1</Value>
   <InputTitle>Date</InputTitle>
   <InputMessage> </InputMessage>
   <ErrorMessage>Record Created On must be in the correct date format.</ErrorMessage>
   <ErrorTitle>Invalid Date</ErrorTitle>
  </DataValidation>
  <DataValidation xmlns="urn:schemas-microsoft-com:office:excel">
   <Range>R2C16:R1048576C16</Range>
   <Type>List</Type>
   <UseBlank/>
   <Value>hiddenSheet!#REF!</Value>
   <InputTitle>Option set (required)</InputTitle>
   <InputMessage>Select a value from the drop-down list.</InputMessage>
   <ErrorMessage>Status must be selected from the drop-down list.</ErrorMessage>
   <ErrorTitle>List Value</ErrorTitle>
  </DataValidation>
  <DataValidation xmlns="urn:schemas-microsoft-com:office:excel">
   <Range>R2C17:R1048576C17</Range>
   <Type>List</Type>
   <Value>hiddenSheet!#REF!</Value>
   <InputTitle>Option set</InputTitle>
   <InputMessage>Select a value from the drop-down list.</InputMessage>
   <ErrorMessage>Status Reason must be selected from the drop-down list.</ErrorMessage>
   <ErrorTitle>List Value</ErrorTitle>
  </DataValidation>
 </Worksheet>
 <Worksheet ss:Name="hiddenSheet">
  <Table ss:ExpandedColumnCount="2" ss:ExpandedRowCount="3" x:FullColumns="1"
   x:FullRows="1" ss:DefaultRowHeight="15">
   <Row ss:AutoFitHeight="0">
    <Cell><Data ss:Type="String">uomschedule:jlcjUKL5+TC/89Wg3ir+e8/UWOXVGzxPy92UWbI6Z81XAY99w12vKtvmtb1uNGHUtblwx0J50Rvq4k+MaF3udQ==:uomscheduleid=%28Do%20Not%20Modify%29%20Unit%20Group&amp;checksumLogicalName=%28Do%20Not%20Modify%29%20Row%20Checksum&amp;modifiedon=%28Do%20Not%20Modify%29%20Modified%20On&amp;name=Name&amp;createdby=Created%20By&amp;createdonbehalfby=Created%20By%20%28Delegate%29&amp;createdbyexternalparty=Created%20By%20%28External%20Party%29&amp;createdon=Created%20On&amp;description=Description&amp;modifiedby=Modified%20By&amp;modifiedonbehalfby=Modified%20By%20%28Delegate%29&amp;modifiedbyexternalparty=Modified%20By%20%28External%20Party%29&amp;modifiedon=Modified%20On&amp;overriddencreatedon=Record%20Created%20On&amp;statecode=Status&amp;statuscode=Status%20Reason</Data></Cell>
   </Row>
   <Row ss:AutoFitHeight="0">
    <Cell><Data ss:Type="String">Active</Data></Cell>
    <Cell><Data ss:Type="String">Inactive</Data></Cell>
   </Row>
   <Row ss:AutoFitHeight="0">
    <Cell><Data ss:Type="String">Active</Data></Cell>
    <Cell><Data ss:Type="String">Inactive</Data></Cell>
   </Row>
  </Table>
  <WorksheetOptions xmlns="urn:schemas-microsoft-com:office:excel">
   <PageSetup>
    <Header x:Margin="0.3"/>
    <Footer x:Margin="0.3"/>
    <PageMargins x:Bottom="0.75" x:Left="0.7" x:Right="0.7" x:Top="0.75"/>
   </PageSetup>
   <Unsynced/>
   <Visible>SheetVeryHidden</Visible>
   <ProtectObjects>False</ProtectObjects>
   <ProtectScenarios>False</ProtectScenarios>
  </WorksheetOptions>
 </Worksheet>
</Workbook>
