<?xml version="1.0"?>
<?mso-application progid="Excel.Sheet"?>
<Workbook xmlns="urn:schemas-microsoft-com:office:spreadsheet"
 xmlns:o="urn:schemas-microsoft-com:office:office"
 xmlns:x="urn:schemas-microsoft-com:office:excel"
 xmlns:ss="urn:schemas-microsoft-com:office:spreadsheet"
 xmlns:html="http://www.w3.org/TR/REC-html40">
 <DocumentProperties xmlns="urn:schemas-microsoft-com:office:office">
  <Author>Rupa Mantravadi</Author>
  <LastAuthor>Rupa Mantravadi</LastAuthor>
  <Created>2016-02-03T01:18:26Z</Created>
  <Version>15.00</Version>
 </DocumentProperties>
 <OfficeDocumentSettings xmlns="urn:schemas-microsoft-com:office:office">
  <AllowPNG/>
 </OfficeDocumentSettings>
 <ExcelWorkbook xmlns="urn:schemas-microsoft-com:office:excel">
  <WindowHeight>9435</WindowHeight>
  <WindowWidth>23040</WindowWidth>
  <WindowTopX>0</WindowTopX>
  <WindowTopY>0</WindowTopY>
  <ProtectStructure>False</ProtectStructure>
  <ProtectWindows>False</ProtectWindows>
 </ExcelWorkbook>
 <Styles>
  <Style ss:ID="Default" ss:Name="Normal">
   <Alignment ss:Vertical="Bottom"/>
   <Borders/>
   <Font ss:FontName="Calibri" ss:Size="11"/>
   <Interior/>
   <NumberFormat/>
   <Protection/>
  </Style>
  <Style ss:ID="s62">
   <NumberFormat ss:Format="@"/>
  </Style>
  <Style ss:ID="s63">
   <NumberFormat ss:Format="General Date"/>
  </Style>
  <Style ss:ID="s64">
   <NumberFormat ss:Format="0.00000"/>
  </Style>
  <Style ss:ID="s65">
   <Font ss:FontName="Calibri" ss:Size="11" ss:Color="#FFFFFF" ss:Bold="1"/>
   <Interior ss:Color="#5B9BD5" ss:Pattern="Solid"/>
  </Style>
 </Styles>
 <Worksheet ss:Name="Unit Group Units Associated...">
  <Table ss:ExpandedColumnCount="7" ss:ExpandedRowCount="3" x:FullColumns="1"
   x:FullRows="1" ss:DefaultRowHeight="14.4375">
   <Column ss:Hidden="1" ss:AutoFitWidth="0"/>
   <Column ss:StyleID="s62" ss:Hidden="1" ss:AutoFitWidth="0"/>
   <Column ss:StyleID="s63" ss:Hidden="1" ss:AutoFitWidth="0"/>
   <Column ss:StyleID="s62" ss:AutoFitWidth="0" ss:Width="226.5"/>
   <Column ss:StyleID="s62" ss:AutoFitWidth="0" ss:Width="91.5"/>
   <Column ss:StyleID="s64" ss:AutoFitWidth="0" ss:Width="226.5"/>
   <Row ss:AutoFitHeight="0">
    <Cell ss:StyleID="s65"><Data ss:Type="String">(Do Not Modify) Unit</Data></Cell>
    <Cell ss:StyleID="s65"><Data ss:Type="String">(Do Not Modify) Row Checksum</Data></Cell>
    <Cell ss:StyleID="s65"><Data ss:Type="String">(Do Not Modify) Modified On</Data></Cell>
    <Cell ss:StyleID="s65"><Data ss:Type="String">Name</Data></Cell>
    <Cell ss:StyleID="s65"><Data ss:Type="String">Base Unit</Data></Cell>
    <Cell ss:StyleID="s65"><Data ss:Type="String">Quantity</Data></Cell>
    <Cell ss:StyleID="s65"><Data ss:Type="String">Unit Group</Data></Cell>
   </Row>
   <Row ss:AutoFitHeight="0">
    <Cell><Data ss:Type="String">1b13620b-0dca-e511-8119-fc15b428fa14</Data></Cell>
    <Cell><Data ss:Type="String">gyfaAmHR2+YYDkNdue98F2XiDOFJ3qIwPeryX0tTEBDhxF52C3gGI9V+7AySS9PiQE4k+LJo56YIkjskEt/EQw==</Data></Cell>
    <Cell><Data ss:Type="DateTime">2016-02-02T16:28:30.000</Data></Cell>
    <Cell><Data ss:Type="String">Day</Data></Cell>
    <Cell><Data ss:Type="String">Hour</Data></Cell>
    <Cell><Data ss:Type="Number">8</Data></Cell>
    <Cell ss:StyleID="s62"><Data ss:Type="String">Time</Data></Cell>
   </Row>
   <Row ss:AutoFitHeight="0">
    <Cell ss:Index="4"><Data ss:Type="String">Standard User</Data></Cell>
    <Cell><Data ss:Type="String">Administrative User</Data></Cell>
    <Cell ss:Index="7"><Data ss:Type="String">Business User</Data></Cell>
   </Row>
  </Table>
  <WorksheetOptions xmlns="urn:schemas-microsoft-com:office:excel">
   <PageSetup>
    <Header x:Margin="0.3"/>
    <Footer x:Margin="0.3"/>
    <PageMargins x:Bottom="0.75" x:Left="0.7" x:Right="0.7" x:Top="0.75"/>
   </PageSetup>
   <Unsynced/>
   <Selected/>
   <LeftColumnVisible>3</LeftColumnVisible>
   <Panes>
    <Pane>
     <Number>3</Number>
     <ActiveRow>2</ActiveRow>
     <ActiveCol>3</ActiveCol>
     <RangeSelection>R3</RangeSelection>
    </Pane>
   </Panes>
   <ProtectObjects>False</ProtectObjects>
   <ProtectScenarios>False</ProtectScenarios>
  </WorksheetOptions>
  <DataValidation xmlns="urn:schemas-microsoft-com:office:excel">
   <Range>R2C3:R1048576C3</Range>
   <Type>Date</Type>
   <Qualifier>GreaterOrEqual</Qualifier>
   <Value>1</Value>
   <InputTitle>Date and time</InputTitle>
   <InputMessage> </InputMessage>
   <ErrorMessage>(Do Not Modify) Modified On must be in the correct date and time format.</ErrorMessage>
   <ErrorTitle>Invalid Date</ErrorTitle>
  </DataValidation>
  <DataValidation xmlns="urn:schemas-microsoft-com:office:excel">
   <Range>R2C4:R1048576C4</Range>
   <Type>TextLength</Type>
   <Qualifier>LessOrEqual</Qualifier>
   <UseBlank/>
   <Value>100</Value>
   <InputTitle>Text (required)</InputTitle>
   <InputMessage>Maximum Length: 100 characters.</InputMessage>
   <ErrorMessage>This value must be less than or equal to 100 characters long.</ErrorMessage>
   <ErrorTitle>Length Exceeded</ErrorTitle>
  </DataValidation>
  <DataValidation xmlns="urn:schemas-microsoft-com:office:excel">
   <Range>R2C5:R1048576C5</Range>
   <UseBlank/>
   <InputTitle>Lookup (required)</InputTitle>
   <InputMessage>This Base Unit record must already exist in Microsoft Dynamics CRM or in this source file.</InputMessage>
   <ErrorMessage> </ErrorMessage>
  </DataValidation>
  <DataValidation xmlns="urn:schemas-microsoft-com:office:excel">
   <Range>R2C6:R1048576C6</Range>
   <Type>Decimal</Type>
   <UseBlank/>
   <Min>0</Min>
   <Max>10000000000</Max>
   <InputTitle>Decimal number (required)</InputTitle>
   <InputMessage>Minimum Value: 0.&#13;&#10;Maximum Value: 10000000000.&#13;&#10;  </InputMessage>
   <ErrorMessage>Quantity must be a number from 0 through 10000000000.</ErrorMessage>
   <ErrorTitle>Value beyond range</ErrorTitle>
  </DataValidation>
 </Worksheet>
 <Worksheet ss:Name="hiddenSheet">
  <Table ss:ExpandedColumnCount="1" ss:ExpandedRowCount="1" x:FullColumns="1"
   x:FullRows="1" ss:DefaultRowHeight="14.4375">
   <Row ss:AutoFitHeight="0">
    <Cell><Data ss:Type="String">uom:Q1WIYZ7agVwyQnEMlqZQJBBLdAV0kC5G0SgYHrSIykPH8lOFmC5PqK2Al1pyhsXUU5QFpysBWCcH3l42e6DAiQ==:uomid=%28Do%20Not%20Modify%29%20Unit&amp;checksumLogicalName=%28Do%20Not%20Modify%29%20Row%20Checksum&amp;modifiedon=%28Do%20Not%20Modify%29%20Modified%20On&amp;name=Name&amp;baseuom=Base%20Unit&amp;quantity=Quantity</Data></Cell>
   </Row>
  </Table>
  <WorksheetOptions xmlns="urn:schemas-microsoft-com:office:excel">
   <PageSetup>
    <Header x:Margin="0.3"/>
    <Footer x:Margin="0.3"/>
    <PageMargins x:Bottom="0.75" x:Left="0.7" x:Right="0.7" x:Top="0.75"/>
   </PageSetup>
   <Unsynced/>
   <Visible>SheetVeryHidden</Visible>
   <ProtectObjects>False</ProtectObjects>
   <ProtectScenarios>False</ProtectScenarios>
  </WorksheetOptions>
 </Worksheet>
</Workbook>
