<Map Name="A6 active contacts DM" Source="Import"><Description>Data map created automatically using the map settings specified during an import.</Description><EntitiesPerFile>Single</EntitiesPerFile><EntityMaps><EntityMap TargetEntityName="contact" SourceEntityName="A6 Contacts" Dedupe="Ignore" ProcessCode="Process"><AttributeMaps><AttributeMap><SourceAttributeName>Business Phone</SourceAttributeName><TargetAttributeName>telephone1</TargetAttributeName><ProcessCode>Process</ProcessCode></AttributeMap><AttributeMap><SourceAttributeName>(Do Not Modify) Row Checksum</SourceAttributeName><TargetAttributeName /><ProcessCode>Ignore</ProcessCode></AttributeMap><AttributeMap><SourceAttributeName>Company Name</SourceAttributeName><TargetAttributeName>parentcustomerid</TargetAttributeName><ProcessCode>Process</ProcessCode><LookupMaps><LookupMap><LookupType>System</LookupType><LookupEntityName>contact</LookupEntityName><LookupAttributeName>fullname</LookupAttributeName><ProcessCode>Process</ProcessCode></LookupMap><LookupMap><LookupType>System</LookupType><LookupEntityName>account</LookupEntityName><LookupAttributeName>accountid</LookupAttributeName><ProcessCode>Process</ProcessCode></LookupMap><LookupMap><LookupType>System</LookupType><LookupEntityName>contact</LookupEntityName><LookupAttributeName>contactid</LookupAttributeName><ProcessCode>Process</ProcessCode></LookupMap><LookupMap><LookupType>Source</LookupType><LookupEntityName>A6 Contacts</LookupEntityName><LookupAttributeName>Middle Name</LookupAttributeName><ProcessCode>Internal</ProcessCode></LookupMap><LookupMap><LookupType>Source</LookupType><LookupEntityName>A6 Contacts</LookupEntityName><LookupAttributeName>Last Name</LookupAttributeName><ProcessCode>Internal</ProcessCode></LookupMap><LookupMap><LookupType>Source</LookupType><LookupEntityName>A6 Contacts</LookupEntityName><LookupAttributeName>First Name</LookupAttributeName><ProcessCode>Internal</ProcessCode></LookupMap><LookupMap><LookupType>System</LookupType><LookupEntityName>account</LookupEntityName><LookupAttributeName>name</LookupAttributeName><ProcessCode>Process</ProcessCode></LookupMap></LookupMaps></AttributeMap><AttributeMap><SourceAttributeName>(Do Not Modify) Contact</SourceAttributeName><TargetAttributeName /><ProcessCode>Ignore</ProcessCode></AttributeMap><AttributeMap><SourceAttributeName>Description</SourceAttributeName><TargetAttributeName>description</TargetAttributeName><ProcessCode>Process</ProcessCode></AttributeMap><AttributeMap><SourceAttributeName>Full Name</SourceAttributeName><TargetAttributeName /><ProcessCode>Ignore</ProcessCode></AttributeMap><AttributeMap><SourceAttributeName>Email</SourceAttributeName><TargetAttributeName>emailaddress1</TargetAttributeName><ProcessCode>Process</ProcessCode></AttributeMap><AttributeMap><SourceAttributeName>First Name</SourceAttributeName><TargetAttributeName>firstname</TargetAttributeName><ProcessCode>Process</ProcessCode></AttributeMap><AttributeMap><SourceAttributeName>Address 1: Latitude</SourceAttributeName><TargetAttributeName>address1_latitude</TargetAttributeName><ProcessCode>Process</ProcessCode></AttributeMap><AttributeMap><SourceAttributeName>Address 1: Longitude</SourceAttributeName><TargetAttributeName>address1_longitude</TargetAttributeName><ProcessCode>Process</ProcessCode></AttributeMap><AttributeMap><SourceAttributeName>Last Name</SourceAttributeName><TargetAttributeName>lastname</TargetAttributeName><ProcessCode>Process</ProcessCode></AttributeMap><AttributeMap><SourceAttributeName>Middle Name</SourceAttributeName><TargetAttributeName>middlename</TargetAttributeName><ProcessCode>Process</ProcessCode></AttributeMap><AttributeMap><SourceAttributeName>(Do Not Modify) Modified On</SourceAttributeName><TargetAttributeName /><ProcessCode>Ignore</ProcessCode></AttributeMap></AttributeMaps></EntityMap></EntityMaps></Map>
