<?xml version="1.0"?>
<?mso-application progid="Excel.Sheet"?>
<Workbook xmlns="urn:schemas-microsoft-com:office:spreadsheet"
 xmlns:o="urn:schemas-microsoft-com:office:office"
 xmlns:x="urn:schemas-microsoft-com:office:excel"
 xmlns:ss="urn:schemas-microsoft-com:office:spreadsheet"
 xmlns:html="http://www.w3.org/TR/REC-html40">
 <DocumentProperties xmlns="urn:schemas-microsoft-com:office:office">
  <Author>John Burrows</Author>
  <LastAuthor>Eamon O'Brien</LastAuthor>
  <Created>2015-07-21T00:18:26Z</Created>
  <LastSaved>2016-10-31T22:48:09Z</LastSaved>
  <Version>16.00</Version>
 </DocumentProperties>
 <OfficeDocumentSettings xmlns="urn:schemas-microsoft-com:office:office">
  <AllowPNG/>
 </OfficeDocumentSettings>
 <ExcelWorkbook xmlns="urn:schemas-microsoft-com:office:excel">
  <SupBook>
   <Path>hiddenSheet</Path>
   <SheetName>hiddenSheet</SheetName>
  </SupBook>
  <WindowHeight>12128</WindowHeight>
  <WindowWidth>28800</WindowWidth>
  <WindowTopX>0</WindowTopX>
  <WindowTopY>0</WindowTopY>
  <ProtectStructure>False</ProtectStructure>
  <ProtectWindows>False</ProtectWindows>
 </ExcelWorkbook>
 <Styles>
  <Style ss:ID="Default" ss:Name="Normal">
   <Alignment ss:Vertical="Bottom"/>
   <Borders/>
   <Font ss:FontName="Calibri" ss:Size="11"/>
   <Interior/>
   <NumberFormat/>
   <Protection/>
  </Style>
  <Style ss:ID="s62" ss:Name="Hyperlink">
   <Font ss:FontName="Calibri" x:Family="Swiss" ss:Size="11" ss:Color="#0066CC"
    ss:Underline="Single"/>
  </Style>
  <Style ss:ID="s63" ss:Name="Normal 2">
   <Alignment ss:Vertical="Bottom"/>
   <Borders/>
   <Font ss:FontName="Calibri" x:Family="Swiss" ss:Size="11" ss:Color="#000000"/>
   <Interior/>
   <NumberFormat/>
   <Protection/>
  </Style>
  <Style ss:ID="s64" ss:Name="Normal 3">
   <Alignment ss:Vertical="Bottom"/>
   <Borders/>
   <Font ss:FontName="Calibri" x:Family="Swiss" ss:Size="11" ss:Color="#000000"/>
   <Interior/>
   <NumberFormat/>
   <Protection/>
  </Style>
  <Style ss:ID="s65">
   <NumberFormat ss:Format="@"/>
  </Style>
  <Style ss:ID="s66">
   <NumberFormat ss:Format="Short Date"/>
  </Style>
  <Style ss:ID="s67">
   <Font ss:FontName="Calibri" x:Family="Swiss" ss:Size="11" ss:Color="#FFFFFF"
    ss:Bold="1"/>
   <Interior ss:Color="#5B9BD5" ss:Pattern="Solid"/>
  </Style>
  <Style ss:ID="s68">
   <Font ss:FontName="Calibri" ss:Size="11" ss:Color="#FFFFFF" ss:Bold="1"/>
   <Interior ss:Color="#5B9BD5" ss:Pattern="Solid"/>
  </Style>
  <Style ss:ID="s69">
   <Font ss:FontName="Calibri" x:Family="Swiss" ss:Size="11"/>
   <NumberFormat/>
   <Protection ss:Protected="0"/>
  </Style>
  <Style ss:ID="s71">
   <NumberFormat/>
  </Style>
  <Style ss:ID="s74" ss:Parent="s63">
   <Interior/>
  </Style>
  <Style ss:ID="s76">
   <Interior/>
  </Style>
  <Style ss:ID="s77">
   <Font ss:FontName="Calibri" x:Family="Swiss" ss:Size="11"/>
   <NumberFormat ss:Format="@"/>
  </Style>
  <Style ss:ID="s79" ss:Parent="s62">
   <Alignment ss:Vertical="Bottom"/>
   <Borders/>
   <Interior/>
   <NumberFormat/>
   <Protection/>
  </Style>
  <Style ss:ID="s80">
   <Font ss:FontName="Calibri" ss:Size="11"/>
   <NumberFormat ss:Format="@"/>
  </Style>
 </Styles>
 <Worksheet ss:Name="My Active Contacts">
  <Table ss:ExpandedColumnCount="13" ss:ExpandedRowCount="139" x:FullColumns="1"
   x:FullRows="1" ss:DefaultColumnWidth="51" ss:DefaultRowHeight="14.53125">
   <Column ss:Hidden="1" ss:AutoFitWidth="0"/>
   <Column ss:StyleID="s65" ss:Hidden="1" ss:AutoFitWidth="0"/>
   <Column ss:StyleID="s66" ss:Hidden="1" ss:AutoFitWidth="0"/>
   <Column ss:StyleID="s65" ss:AutoFitWidth="0" ss:Width="226.5"/>
   <Column ss:StyleID="s65" ss:AutoFitWidth="0" ss:Width="75.75" ss:Span="2"/>
   <Column ss:Index="8" ss:Width="145.5"/>
   <Column ss:Width="172.5"/>
   <Column ss:StyleID="s65" ss:AutoFitWidth="0" ss:Width="113.25"/>
   <Column ss:StyleID="s65" ss:AutoFitWidth="0" ss:Width="91.5"/>
   <Row ss:AutoFitHeight="0">
    <Cell ss:StyleID="s67"><Data ss:Type="String">(Do Not Modify) Contact</Data></Cell>
    <Cell ss:StyleID="s67"><Data ss:Type="String">(Do Not Modify) Row Checksum</Data></Cell>
    <Cell ss:StyleID="s67"><Data ss:Type="String">(Do Not Modify) Modified On</Data></Cell>
    <Cell ss:StyleID="s67"><Data ss:Type="String"> Full Name</Data></Cell>
    <Cell ss:StyleID="s67"><Data ss:Type="String">First Name</Data></Cell>
    <Cell ss:StyleID="s67"><Data ss:Type="String">Middle Name</Data></Cell>
    <Cell ss:StyleID="s67"><Data ss:Type="String">Last Name</Data></Cell>
    <Cell ss:StyleID="s67"><Data ss:Type="String">Email</Data></Cell>
    <Cell ss:StyleID="s67"><Data ss:Type="String">Description</Data></Cell>
    <Cell ss:StyleID="s67"><Data ss:Type="String">Company Name</Data></Cell>
    <Cell ss:StyleID="s67"><Data ss:Type="String">Business Phone</Data></Cell>
    <Cell ss:StyleID="s68"><Data ss:Type="String">Address 1: Latitude</Data></Cell>
    <Cell ss:StyleID="s68"><Data ss:Type="String">Address 1: Longitude</Data></Cell>
   </Row>
   <Row ss:AutoFitHeight="0">
    <Cell ss:Index="4" ss:StyleID="s69" ss:Formula="=CONCATENATE(RC[1],&quot; &quot;,RC[3])"><Data
      ss:Type="String">Roland Roybal</Data></Cell>
    <Cell ss:StyleID="Default"><Data ss:Type="String">Roland</Data></Cell>
    <Cell ss:Index="7" ss:StyleID="Default"><Data ss:Type="String">Roybal</Data></Cell>
    <Cell><Data ss:Type="String">someone@example.com </Data></Cell>
    <Cell><Data ss:Type="String">Active Transport Inc.</Data></Cell>
    <Cell ss:Index="13" ss:StyleID="s71"/>
   </Row>
   <Row ss:AutoFitHeight="0">
    <Cell ss:Index="4" ss:StyleID="s69" ss:Formula="=CONCATENATE(RC[1],&quot; &quot;,RC[3])"><Data
      ss:Type="String">Romeo Gooding</Data></Cell>
    <Cell ss:StyleID="Default"><Data ss:Type="String">Romeo</Data></Cell>
    <Cell ss:Index="7" ss:StyleID="Default"><Data ss:Type="String">Gooding</Data></Cell>
    <Cell ss:Index="9"><Data ss:Type="String">Alpine Ski House</Data></Cell>
   </Row>
   <Row ss:AutoFitHeight="0">
    <Cell ss:Index="4" ss:StyleID="s69" ss:Formula="=CONCATENATE(RC[1],&quot; &quot;,RC[3])"><Data
      ss:Type="String">Hallie Jacobs</Data></Cell>
    <Cell ss:StyleID="Default"><Data ss:Type="String">Hallie</Data></Cell>
    <Cell ss:Index="7" ss:StyleID="Default"><Data ss:Type="String">Jacobs</Data></Cell>
    <Cell ss:Index="9"><Data ss:Type="String">Brakes and Gears</Data></Cell>
   </Row>
   <Row ss:AutoFitHeight="0">
    <Cell ss:Index="4" ss:StyleID="s69" ss:Formula="=CONCATENATE(RC[1],&quot; &quot;,RC[3])"><Data
      ss:Type="String">Joni Hernandez</Data></Cell>
    <Cell ss:StyleID="Default"><Data ss:Type="String">Joni</Data></Cell>
    <Cell ss:Index="7" ss:StyleID="Default"><Data ss:Type="String">Hernandez</Data></Cell>
    <Cell ss:Index="9"><Data ss:Type="String">Catalog Store</Data></Cell>
   </Row>
   <Row ss:AutoFitHeight="0">
    <Cell ss:Index="4" ss:StyleID="s69" ss:Formula="=CONCATENATE(RC[1],&quot; &quot;,RC[3])"><Data
      ss:Type="String">Tracie Blevins</Data></Cell>
    <Cell ss:StyleID="Default"><Data ss:Type="String">Tracie</Data></Cell>
    <Cell ss:Index="7" ss:StyleID="Default"><Data ss:Type="String">Blevins</Data></Cell>
    <Cell ss:Index="9"><Data ss:Type="String">Central Discount Store</Data></Cell>
   </Row>
   <Row ss:AutoFitHeight="0">
    <Cell ss:Index="4" ss:StyleID="s69" ss:Formula="=CONCATENATE(RC[1],&quot; &quot;,RC[3])"><Data
      ss:Type="String">Leland Fusco</Data></Cell>
    <Cell ss:StyleID="Default"><Data ss:Type="String">Leland</Data></Cell>
    <Cell ss:Index="7" ss:StyleID="Default"><Data ss:Type="String">Fusco</Data></Cell>
    <Cell ss:Index="9"><Data ss:Type="String">Certified Bicycle Supply</Data></Cell>
   </Row>
   <Row ss:AutoFitHeight="0">
    <Cell ss:Index="4" ss:StyleID="s69" ss:Formula="=CONCATENATE(RC[1],&quot; &quot;,RC[3])"><Data
      ss:Type="String">Hector Clausen</Data></Cell>
    <Cell ss:StyleID="Default"><Data ss:Type="String">Hector</Data></Cell>
    <Cell ss:Index="7" ss:StyleID="Default"><Data ss:Type="String">Clausen</Data></Cell>
    <Cell ss:Index="9"><Data ss:Type="String">Chic Department Stores</Data></Cell>
   </Row>
   <Row ss:AutoFitHeight="0">
    <Cell ss:Index="4" ss:StyleID="s69" ss:Formula="=CONCATENATE(RC[1],&quot; &quot;,RC[3])"><Data
      ss:Type="String">Amos Conger</Data></Cell>
    <Cell ss:StyleID="Default"><Data ss:Type="String">Amos</Data></Cell>
    <Cell ss:Index="7" ss:StyleID="Default"><Data ss:Type="String">Conger</Data></Cell>
    <Cell ss:Index="9"><Data ss:Type="String">Closeout Boutique</Data></Cell>
   </Row>
   <Row ss:AutoFitHeight="0">
    <Cell ss:Index="4" ss:StyleID="s69" ss:Formula="=CONCATENATE(RC[1],&quot; &quot;,RC[3])"><Data
      ss:Type="String">Eva Colon</Data></Cell>
    <Cell ss:StyleID="Default"><Data ss:Type="String">Eva</Data></Cell>
    <Cell ss:Index="7" ss:StyleID="Default"><Data ss:Type="String">Colon</Data></Cell>
    <Cell ss:Index="9"><Data ss:Type="String">Consolidated Sales</Data></Cell>
   </Row>
   <Row ss:AutoFitHeight="0">
    <Cell ss:Index="4" ss:StyleID="s69" ss:Formula="=CONCATENATE(RC[1],&quot; &quot;,RC[3])"><Data
      ss:Type="String">Allan Saddler</Data></Cell>
    <Cell ss:StyleID="Default"><Data ss:Type="String">Allan</Data></Cell>
    <Cell ss:Index="7" ss:StyleID="Default"><Data ss:Type="String">Saddler</Data></Cell>
    <Cell ss:Index="9"><Data ss:Type="String">Convenient Sales and Service</Data></Cell>
   </Row>
   <Row ss:AutoFitHeight="0">
    <Cell ss:Index="4" ss:StyleID="s69" ss:Formula="=CONCATENATE(RC[1],&quot; &quot;,RC[3])"><Data
      ss:Type="String">Brandie Diaz</Data></Cell>
    <Cell ss:StyleID="Default"><Data ss:Type="String">Brandie</Data></Cell>
    <Cell ss:Index="7" ss:StyleID="Default"><Data ss:Type="String">Diaz</Data></Cell>
    <Cell ss:Index="9"><Data ss:Type="String">Demand Distributors</Data></Cell>
   </Row>
   <Row ss:AutoFitHeight="0">
    <Cell ss:Index="4" ss:StyleID="s69" ss:Formula="=CONCATENATE(RC[1],&quot; &quot;,RC[3])"><Data
      ss:Type="String">Consuelo Moses</Data></Cell>
    <Cell ss:StyleID="Default"><Data ss:Type="String">Consuelo</Data></Cell>
    <Cell ss:Index="7" ss:StyleID="Default"><Data ss:Type="String">Moses</Data></Cell>
    <Cell ss:Index="9"><Data ss:Type="String">Designer Department Stores</Data></Cell>
   </Row>
   <Row ss:AutoFitHeight="0">
    <Cell ss:Index="4" ss:StyleID="s69" ss:Formula="=CONCATENATE(RC[1],&quot; &quot;,RC[3])"><Data
      ss:Type="String">Jayson Gass</Data></Cell>
    <Cell ss:StyleID="Default"><Data ss:Type="String">Jayson</Data></Cell>
    <Cell ss:Index="7" ss:StyleID="Default"><Data ss:Type="String">Gass</Data></Cell>
    <Cell ss:Index="9"><Data ss:Type="String">eCommerce Bikes</Data></Cell>
   </Row>
   <Row ss:AutoFitHeight="0">
    <Cell ss:Index="4" ss:StyleID="s69" ss:Formula="=CONCATENATE(RC[1],&quot; &quot;,RC[3])"><Data
      ss:Type="String">Pearlie Blackburn</Data></Cell>
    <Cell ss:StyleID="Default"><Data ss:Type="String">Pearlie</Data></Cell>
    <Cell ss:Index="7" ss:StyleID="Default"><Data ss:Type="String">Blackburn</Data></Cell>
    <Cell ss:Index="9"><Data ss:Type="String">Fabrikam Inc., West</Data></Cell>
   </Row>
   <Row ss:AutoFitHeight="0">
    <Cell ss:Index="4" ss:StyleID="s69" ss:Formula="=CONCATENATE(RC[1],&quot; &quot;,RC[3])"><Data
      ss:Type="String">Sammy McCormick</Data></Cell>
    <Cell ss:StyleID="Default"><Data ss:Type="String">Sammy</Data></Cell>
    <Cell ss:Index="7" ss:StyleID="Default"><Data ss:Type="String">McCormick</Data></Cell>
    <Cell ss:Index="9"><Data ss:Type="String">Family Entertainment Center</Data></Cell>
   </Row>
   <Row ss:AutoFitHeight="0">
    <Cell ss:Index="4" ss:StyleID="s69" ss:Formula="=CONCATENATE(RC[1],&quot; &quot;,RC[3])"><Data
      ss:Type="String">Ladonna Carlson</Data></Cell>
    <Cell ss:StyleID="Default"><Data ss:Type="String">Ladonna</Data></Cell>
    <Cell ss:Index="7" ss:StyleID="Default"><Data ss:Type="String">Carlson</Data></Cell>
    <Cell ss:Index="9"><Data ss:Type="String">Fashionable Department Stores</Data></Cell>
   </Row>
   <Row ss:AutoFitHeight="0">
    <Cell ss:Index="4" ss:StyleID="s69" ss:Formula="=CONCATENATE(RC[1],&quot; &quot;,RC[3])"><Data
      ss:Type="String">Brain Rey</Data></Cell>
    <Cell ss:StyleID="Default"><Data ss:Type="String">Brain</Data></Cell>
    <Cell ss:Index="7" ss:StyleID="Default"><Data ss:Type="String">Rey</Data></Cell>
    <Cell ss:Index="9"><Data ss:Type="String">Finish and Sealant Products</Data></Cell>
   </Row>
   <Row ss:AutoFitHeight="0">
    <Cell ss:Index="4" ss:StyleID="s69" ss:Formula="=CONCATENATE(RC[1],&quot; &quot;,RC[3])"><Data
      ss:Type="String">Karl McKee</Data></Cell>
    <Cell ss:StyleID="Default"><Data ss:Type="String">Karl</Data></Cell>
    <Cell ss:Index="7" ss:StyleID="Default"><Data ss:Type="String">McKee</Data></Cell>
    <Cell ss:Index="9"><Data ss:Type="String">Functional Store North</Data></Cell>
   </Row>
   <Row ss:AutoFitHeight="0">
    <Cell ss:Index="4" ss:StyleID="s69" ss:Formula="=CONCATENATE(RC[1],&quot; &quot;,RC[3])"><Data
      ss:Type="String">Kendrick Carbajal</Data></Cell>
    <Cell ss:StyleID="Default"><Data ss:Type="String">Kendrick</Data></Cell>
    <Cell ss:Index="7" ss:StyleID="Default"><Data ss:Type="String">Carbajal</Data></Cell>
    <Cell ss:Index="9"><Data ss:Type="String">Global Sporting Goods</Data></Cell>
   </Row>
   <Row ss:AutoFitHeight="0">
    <Cell ss:Index="4" ss:StyleID="s69" ss:Formula="=CONCATENATE(RC[1],&quot; &quot;,RC[3])"><Data
      ss:Type="String">Adrienne McMillan</Data></Cell>
    <Cell ss:StyleID="Default"><Data ss:Type="String">Adrienne</Data></Cell>
    <Cell ss:Index="7" ss:StyleID="Default"><Data ss:Type="String">McMillan</Data></Cell>
    <Cell ss:Index="9"><Data ss:Type="String">Honest Repair Service</Data></Cell>
   </Row>
   <Row ss:AutoFitHeight="0">
    <Cell ss:Index="4" ss:StyleID="s69" ss:Formula="=CONCATENATE(RC[1],&quot; &quot;,RC[3])"><Data
      ss:Type="String">Pearl Chavez</Data></Cell>
    <Cell ss:StyleID="Default"><Data ss:Type="String">Pearl</Data></Cell>
    <Cell ss:Index="7" ss:StyleID="Default"><Data ss:Type="String">Chavez</Data></Cell>
    <Cell ss:Index="9"><Data ss:Type="String">Immense Manufacturing Company</Data></Cell>
   </Row>
   <Row ss:AutoFitHeight="0">
    <Cell ss:Index="4" ss:StyleID="s69" ss:Formula="=CONCATENATE(RC[1],&quot; &quot;,RC[3])"><Data
      ss:Type="String">Dudley Garay</Data></Cell>
    <Cell ss:StyleID="Default"><Data ss:Type="String">Dudley</Data></Cell>
    <Cell ss:Index="7" ss:StyleID="Default"><Data ss:Type="String">Garay</Data></Cell>
    <Cell ss:Index="9"><Data ss:Type="String">Leather and Vinyl Manufacturing</Data></Cell>
   </Row>
   <Row ss:AutoFitHeight="0">
    <Cell ss:Index="4" ss:StyleID="s69" ss:Formula="=CONCATENATE(RC[1],&quot; &quot;,RC[3])"><Data
      ss:Type="String">Sue Vance</Data></Cell>
    <Cell ss:StyleID="Default"><Data ss:Type="String">Sue</Data></Cell>
    <Cell ss:Index="7" ss:StyleID="Default"><Data ss:Type="String">Vance</Data></Cell>
    <Cell ss:Index="9"><Data ss:Type="String">Locks Company</Data></Cell>
   </Row>
   <Row ss:AutoFitHeight="0">
    <Cell ss:Index="4" ss:StyleID="s69" ss:Formula="=CONCATENATE(RC[1],&quot; &quot;,RC[3])"><Data
      ss:Type="String">Trina Duncan</Data></Cell>
    <Cell ss:StyleID="Default"><Data ss:Type="String">Trina</Data></Cell>
    <Cell ss:Index="7" ss:StyleID="Default"><Data ss:Type="String">Duncan</Data></Cell>
    <Cell ss:Index="9"><Data ss:Type="String">Lubricant and Grease Suppliers</Data></Cell>
   </Row>
   <Row ss:AutoFitHeight="0">
    <Cell ss:Index="4" ss:StyleID="s69" ss:Formula="=CONCATENATE(RC[1],&quot; &quot;,RC[3])"><Data
      ss:Type="String">Calvin Conte</Data></Cell>
    <Cell ss:StyleID="Default"><Data ss:Type="String">Calvin</Data></Cell>
    <Cell ss:Index="7" ss:StyleID="Default"><Data ss:Type="String">Conte</Data></Cell>
    <Cell ss:Index="9"><Data ss:Type="String">Mechanical Products Ltd.</Data></Cell>
   </Row>
   <Row ss:AutoFitHeight="0">
    <Cell ss:Index="4" ss:StyleID="s69" ss:Formula="=CONCATENATE(RC[1],&quot; &quot;,RC[3])"><Data
      ss:Type="String">Tommie Bowers</Data></Cell>
    <Cell ss:StyleID="Default"><Data ss:Type="String">Tommie</Data></Cell>
    <Cell ss:Index="7" ss:StyleID="Default"><Data ss:Type="String">Bowers</Data></Cell>
    <Cell ss:Index="9"><Data ss:Type="String">Mechanical Sports Center</Data></Cell>
   </Row>
   <Row ss:AutoFitHeight="0">
    <Cell ss:Index="4" ss:StyleID="s69" ss:Formula="=CONCATENATE(RC[1],&quot; &quot;,RC[3])"><Data
      ss:Type="String">Bobbi Christian</Data></Cell>
    <Cell ss:StyleID="Default"><Data ss:Type="String">Bobbi</Data></Cell>
    <Cell ss:Index="7" ss:StyleID="Default"><Data ss:Type="String">Christian</Data></Cell>
    <Cell ss:Index="9"><Data ss:Type="String">Metallic Paint and Overcoat Co</Data></Cell>
   </Row>
   <Row ss:AutoFitHeight="0">
    <Cell ss:Index="4" ss:StyleID="s69" ss:Formula="=CONCATENATE(RC[1],&quot; &quot;,RC[3])"><Data
      ss:Type="String">Jerry Pacheco</Data></Cell>
    <Cell ss:StyleID="Default"><Data ss:Type="String">Jerry</Data></Cell>
    <Cell ss:Index="7" ss:StyleID="Default"><Data ss:Type="String">Pacheco</Data></Cell>
    <Cell ss:Index="9"><Data ss:Type="String">Metropolitan Manufacturing</Data></Cell>
   </Row>
   <Row ss:AutoFitHeight="0">
    <Cell ss:Index="4" ss:StyleID="s69" ss:Formula="=CONCATENATE(RC[1],&quot; &quot;,RC[3])"><Data
      ss:Type="String">Maynard Lafferty</Data></Cell>
    <Cell ss:StyleID="Default"><Data ss:Type="String">Maynard</Data></Cell>
    <Cell ss:Index="7" ss:StyleID="Default"><Data ss:Type="String">Lafferty</Data></Cell>
    <Cell ss:Index="9"><Data ss:Type="String">Noiseless Gear Company</Data></Cell>
   </Row>
   <Row ss:AutoFitHeight="0">
    <Cell ss:Index="4" ss:StyleID="s69" ss:Formula="=CONCATENATE(RC[1],&quot; &quot;,RC[3])"><Data
      ss:Type="String">Freida Farley</Data></Cell>
    <Cell ss:StyleID="Default"><Data ss:Type="String">Freida</Data></Cell>
    <Cell ss:Index="7" ss:StyleID="Default"><Data ss:Type="String">Farley</Data></Cell>
    <Cell ss:Index="9"><Data ss:Type="String">Nonskid Tire Company</Data></Cell>
   </Row>
   <Row ss:AutoFitHeight="0">
    <Cell ss:Index="4" ss:StyleID="s69" ss:Formula="=CONCATENATE(RC[1],&quot; &quot;,RC[3])"><Data
      ss:Type="String">Jodi Ferrell</Data></Cell>
    <Cell ss:StyleID="Default"><Data ss:Type="String">Jodi</Data></Cell>
    <Cell ss:Index="7" ss:StyleID="Default"><Data ss:Type="String">Ferrell</Data></Cell>
    <Cell ss:Index="9"><Data ss:Type="String">Number 1 Supply</Data></Cell>
   </Row>
   <Row ss:AutoFitHeight="0">
    <Cell ss:Index="4" ss:StyleID="s69" ss:Formula="=CONCATENATE(RC[1],&quot; &quot;,RC[3])"><Data
      ss:Type="String">Ora Rodriguez</Data></Cell>
    <Cell ss:StyleID="Default"><Data ss:Type="String">Ora</Data></Cell>
    <Cell ss:Index="7" ss:StyleID="Default"><Data ss:Type="String">Rodriguez</Data></Cell>
    <Cell ss:Index="9"><Data ss:Type="String">Paints and Solvents Company</Data></Cell>
   </Row>
   <Row ss:AutoFitHeight="0">
    <Cell ss:Index="4" ss:StyleID="s69" ss:Formula="=CONCATENATE(RC[1],&quot; &quot;,RC[3])"><Data
      ss:Type="String">Alexis Fry</Data></Cell>
    <Cell ss:StyleID="Default"><Data ss:Type="String">Alexis</Data></Cell>
    <Cell ss:Index="7" ss:StyleID="Default"><Data ss:Type="String">Fry</Data></Cell>
    <Cell ss:Index="9"><Data ss:Type="String">Parts Shop</Data></Cell>
   </Row>
   <Row ss:AutoFitHeight="0">
    <Cell ss:Index="4" ss:StyleID="s69" ss:Formula="=CONCATENATE(RC[1],&quot; &quot;,RC[3])"><Data
      ss:Type="String">Andrew Book</Data></Cell>
    <Cell ss:StyleID="Default"><Data ss:Type="String">Andrew</Data></Cell>
    <Cell ss:Index="7" ss:StyleID="Default"><Data ss:Type="String">Book</Data></Cell>
    <Cell ss:Index="9"><Data ss:Type="String">Qualified Sales and Repair Services</Data></Cell>
   </Row>
   <Row ss:AutoFitHeight="0">
    <Cell ss:Index="4" ss:StyleID="s69" ss:Formula="=CONCATENATE(RC[1],&quot; &quot;,RC[3])"><Data
      ss:Type="String">Darrell Bromley</Data></Cell>
    <Cell ss:StyleID="Default"><Data ss:Type="String">Darrell</Data></Cell>
    <Cell ss:Index="7" ss:StyleID="Default"><Data ss:Type="String">Bromley</Data></Cell>
    <Cell ss:Index="9"><Data ss:Type="String">Quitting Business Distributors</Data></Cell>
   </Row>
   <Row ss:AutoFitHeight="0">
    <Cell ss:Index="4" ss:StyleID="s69" ss:Formula="=CONCATENATE(RC[1],&quot; &quot;,RC[3])"><Data
      ss:Type="String">Mack Fannin</Data></Cell>
    <Cell ss:StyleID="Default"><Data ss:Type="String">Mack</Data></Cell>
    <Cell ss:Index="7" ss:StyleID="Default"><Data ss:Type="String">Fannin</Data></Cell>
    <Cell ss:Index="9"><Data ss:Type="String">Rally Master Company Inc</Data></Cell>
   </Row>
   <Row ss:AutoFitHeight="0">
    <Cell ss:Index="4" ss:StyleID="s69" ss:Formula="=CONCATENATE(RC[1],&quot; &quot;,RC[3])"><Data
      ss:Type="String">Eloise Steele</Data></Cell>
    <Cell ss:StyleID="Default"><Data ss:Type="String">Eloise</Data></Cell>
    <Cell ss:Index="7" ss:StyleID="Default"><Data ss:Type="String">Steele</Data></Cell>
    <Cell ss:Index="9"><Data ss:Type="String">Raw Materials Inc</Data></Cell>
   </Row>
   <Row ss:AutoFitHeight="0">
    <Cell ss:Index="4" ss:StyleID="s69" ss:Formula="=CONCATENATE(RC[1],&quot; &quot;,RC[3])"><Data
      ss:Type="String">Terrie Patrick</Data></Cell>
    <Cell ss:StyleID="Default"><Data ss:Type="String">Terrie</Data></Cell>
    <Cell ss:Index="7" ss:StyleID="Default"><Data ss:Type="String">Patrick</Data></Cell>
    <Cell ss:Index="9"><Data ss:Type="String">Recreation Systems</Data></Cell>
   </Row>
   <Row ss:AutoFitHeight="0">
    <Cell ss:Index="4" ss:StyleID="s69" ss:Formula="=CONCATENATE(RC[1],&quot; &quot;,RC[3])"><Data
      ss:Type="String">Rudolph Schiller</Data></Cell>
    <Cell ss:StyleID="Default"><Data ss:Type="String">Rudolph</Data></Cell>
    <Cell ss:Index="7" ss:StyleID="Default"><Data ss:Type="String">Schiller</Data></Cell>
    <Cell ss:Index="9"><Data ss:Type="String">Retail Sporting Equipment</Data></Cell>
   </Row>
   <Row ss:AutoFitHeight="0">
    <Cell ss:Index="4" ss:StyleID="s69" ss:Formula="=CONCATENATE(RC[1],&quot; &quot;,RC[3])"><Data
      ss:Type="String">Jayne Carr</Data></Cell>
    <Cell ss:StyleID="Default"><Data ss:Type="String">Jayne</Data></Cell>
    <Cell ss:Index="7" ss:StyleID="Default"><Data ss:Type="String">Carr</Data></Cell>
    <Cell ss:Index="9"><Data ss:Type="String">Retirement Activities Association</Data></Cell>
   </Row>
   <Row ss:AutoFitHeight="0">
    <Cell ss:Index="4" ss:StyleID="s69" ss:Formula="=CONCATENATE(RC[1],&quot; &quot;,RC[3])"><Data
      ss:Type="String">Catalina Weeks</Data></Cell>
    <Cell ss:StyleID="Default"><Data ss:Type="String">Catalina</Data></Cell>
    <Cell ss:Index="7" ss:StyleID="Default"><Data ss:Type="String">Weeks</Data></Cell>
    <Cell ss:Index="9"><Data ss:Type="String">Retread Tire Company</Data></Cell>
   </Row>
   <Row ss:AutoFitHeight="0">
    <Cell ss:Index="4" ss:StyleID="s69" ss:Formula="=CONCATENATE(RC[1],&quot; &quot;,RC[3])"><Data
      ss:Type="String">Carol McLaughlin</Data></Cell>
    <Cell ss:StyleID="Default"><Data ss:Type="String">Carol</Data></Cell>
    <Cell ss:Index="7" ss:StyleID="Default"><Data ss:Type="String">McLaughlin</Data></Cell>
    <Cell ss:Index="9"><Data ss:Type="String">Rural Department Store</Data></Cell>
   </Row>
   <Row ss:AutoFitHeight="0">
    <Cell ss:Index="4" ss:StyleID="s69" ss:Formula="=CONCATENATE(RC[1],&quot; &quot;,RC[3])"><Data
      ss:Type="String">Heriberto Nathan</Data></Cell>
    <Cell ss:StyleID="Default"><Data ss:Type="String">Heriberto</Data></Cell>
    <Cell ss:Index="7" ss:StyleID="Default"><Data ss:Type="String">Nathan</Data></Cell>
    <Cell ss:Index="9"><Data ss:Type="String">Satin Finish Company</Data></Cell>
   </Row>
   <Row ss:AutoFitHeight="0">
    <Cell ss:Index="4" ss:StyleID="s69" ss:Formula="=CONCATENATE(RC[1],&quot; &quot;,RC[3])"><Data
      ss:Type="String">Everett Fielder</Data></Cell>
    <Cell ss:StyleID="Default"><Data ss:Type="String">Everett</Data></Cell>
    <Cell ss:Index="7" ss:StyleID="Default"><Data ss:Type="String">Fielder</Data></Cell>
    <Cell ss:Index="9"><Data ss:Type="String">Security Racks and Locks Wholesalers</Data></Cell>
   </Row>
   <Row ss:AutoFitHeight="0">
    <Cell ss:Index="4" ss:StyleID="s69" ss:Formula="=CONCATENATE(RC[1],&quot; &quot;,RC[3])"><Data
      ss:Type="String">Claudia Ballard</Data></Cell>
    <Cell ss:StyleID="Default"><Data ss:Type="String">Claudia</Data></Cell>
    <Cell ss:Index="7" ss:StyleID="Default"><Data ss:Type="String">Ballard</Data></Cell>
    <Cell ss:Index="9"><Data ss:Type="String">Sensational Discount Store</Data></Cell>
   </Row>
   <Row ss:AutoFitHeight="0">
    <Cell ss:Index="4" ss:StyleID="s69" ss:Formula="=CONCATENATE(RC[1],&quot; &quot;,RC[3])"><Data
      ss:Type="String">Margarita Russo</Data></Cell>
    <Cell ss:StyleID="Default"><Data ss:Type="String">Margarita</Data></Cell>
    <Cell ss:Index="7" ss:StyleID="Default"><Data ss:Type="String">Russo</Data></Cell>
    <Cell ss:Index="9"><Data ss:Type="String">Sheet Metal Manufacturing</Data></Cell>
   </Row>
   <Row ss:AutoFitHeight="0">
    <Cell ss:Index="4" ss:StyleID="s69" ss:Formula="=CONCATENATE(RC[1],&quot; &quot;,RC[3])"><Data
      ss:Type="String">Randy Thiel</Data></Cell>
    <Cell ss:StyleID="Default"><Data ss:Type="String">Randy</Data></Cell>
    <Cell ss:Index="7" ss:StyleID="Default"><Data ss:Type="String">Thiel</Data></Cell>
    <Cell ss:Index="9"><Data ss:Type="String">Spoke Manufacturers</Data></Cell>
   </Row>
   <Row ss:AutoFitHeight="0">
    <Cell ss:Index="4" ss:StyleID="s69" ss:Formula="=CONCATENATE(RC[1],&quot; &quot;,RC[3])"><Data
      ss:Type="String">Max McLean</Data></Cell>
    <Cell ss:StyleID="Default"><Data ss:Type="String">Max</Data></Cell>
    <Cell ss:Index="7" ss:StyleID="Default"><Data ss:Type="String">McLean</Data></Cell>
    <Cell ss:Index="9"><Data ss:Type="String">Stylish Department Stores</Data></Cell>
   </Row>
   <Row ss:AutoFitHeight="0">
    <Cell ss:Index="4" ss:StyleID="s69" ss:Formula="=CONCATENATE(RC[1],&quot; &quot;,RC[3])"><Data
      ss:Type="String">Clay Clemente</Data></Cell>
    <Cell ss:StyleID="Default"><Data ss:Type="String">Clay</Data></Cell>
    <Cell ss:Index="7" ss:StyleID="Default"><Data ss:Type="String">Clemente</Data></Cell>
    <Cell ss:Index="9"><Data ss:Type="String">Synthetic Materials Manufacturing</Data></Cell>
   </Row>
   <Row ss:AutoFitHeight="0">
    <Cell ss:Index="4" ss:StyleID="s69" ss:Formula="=CONCATENATE(RC[1],&quot; &quot;,RC[3])"><Data
      ss:Type="String">Bette Goodman</Data></Cell>
    <Cell ss:StyleID="Default"><Data ss:Type="String">Bette</Data></Cell>
    <Cell ss:Index="7" ss:StyleID="Default"><Data ss:Type="String">Goodman</Data></Cell>
    <Cell ss:Index="9"><Data ss:Type="String">Systematic Sales</Data></Cell>
   </Row>
   <Row ss:AutoFitHeight="0">
    <Cell ss:Index="4" ss:StyleID="s69" ss:Formula="=CONCATENATE(RC[1],&quot; &quot;,RC[3])"><Data
      ss:Type="String">Trudy Dickson</Data></Cell>
    <Cell ss:StyleID="Default"><Data ss:Type="String">Trudy</Data></Cell>
    <Cell ss:Index="7" ss:StyleID="Default"><Data ss:Type="String">Dickson</Data></Cell>
    <Cell ss:Index="9"><Data ss:Type="String">Technical Parts Manufacturing</Data></Cell>
   </Row>
   <Row ss:AutoFitHeight="0">
    <Cell ss:Index="4" ss:StyleID="s69" ss:Formula="=CONCATENATE(RC[1],&quot; &quot;,RC[3])"><Data
      ss:Type="String">Grady Mattos</Data></Cell>
    <Cell ss:StyleID="Default"><Data ss:Type="String">Grady</Data></Cell>
    <Cell ss:Index="7" ss:StyleID="Default"><Data ss:Type="String">Mattos</Data></Cell>
    <Cell ss:Index="9"><Data ss:Type="String">Tire Company</Data></Cell>
   </Row>
   <Row ss:AutoFitHeight="0">
    <Cell ss:Index="4" ss:StyleID="s69" ss:Formula="=CONCATENATE(RC[1],&quot; &quot;,RC[3])"><Data
      ss:Type="String">Amie Gonzales</Data></Cell>
    <Cell ss:StyleID="Default"><Data ss:Type="String">Amie</Data></Cell>
    <Cell ss:Index="7" ss:StyleID="Default"><Data ss:Type="String">Gonzales</Data></Cell>
    <Cell ss:Index="9"><Data ss:Type="String">Town Industries</Data></Cell>
   </Row>
   <Row ss:AutoFitHeight="0">
    <Cell ss:Index="4" ss:StyleID="s69" ss:Formula="=CONCATENATE(RC[1],&quot; &quot;,RC[3])"><Data
      ss:Type="String">Susie Wolf</Data></Cell>
    <Cell ss:StyleID="Default"><Data ss:Type="String">Susie</Data></Cell>
    <Cell ss:Index="7" ss:StyleID="Default"><Data ss:Type="String">Wolf</Data></Cell>
    <Cell ss:Index="9"><Data ss:Type="String">Traditional Department Stores</Data></Cell>
   </Row>
   <Row ss:AutoFitHeight="0">
    <Cell ss:Index="4" ss:StyleID="s69" ss:Formula="=CONCATENATE(RC[1],&quot; &quot;,RC[3])"><Data
      ss:Type="String">Edith Flores</Data></Cell>
    <Cell ss:StyleID="Default"><Data ss:Type="String">Edith</Data></Cell>
    <Cell ss:Index="7" ss:StyleID="Default"><Data ss:Type="String">Flores</Data></Cell>
    <Cell ss:Index="9"><Data ss:Type="String">Trendy Department Stores</Data></Cell>
   </Row>
   <Row ss:AutoFitHeight="0">
    <Cell ss:Index="4" ss:StyleID="s69" ss:Formula="=CONCATENATE(RC[1],&quot; &quot;,RC[3])"><Data
      ss:Type="String">Nanette Cervantes</Data></Cell>
    <Cell ss:StyleID="Default"><Data ss:Type="String">Nanette</Data></Cell>
    <Cell ss:Index="7" ss:StyleID="Default"><Data ss:Type="String">Cervantes</Data></Cell>
    <Cell ss:Index="9"><Data ss:Type="String">Underglaze and Finish Company</Data></Cell>
   </Row>
   <Row ss:AutoFitHeight="0">
    <Cell ss:Index="4" ss:StyleID="s69" ss:Formula="=CONCATENATE(RC[1],&quot; &quot;,RC[3])"><Data
      ss:Type="String">Ronda Scott</Data></Cell>
    <Cell ss:StyleID="Default"><Data ss:Type="String">Ronda</Data></Cell>
    <Cell ss:Index="7" ss:StyleID="Default"><Data ss:Type="String">Scott</Data></Cell>
    <Cell ss:Index="9"><Data ss:Type="String">Village Tours</Data></Cell>
   </Row>
   <Row ss:AutoFitHeight="0">
    <Cell ss:Index="4" ss:StyleID="s69" ss:Formula="=CONCATENATE(RC[1],&quot; &quot;,RC[3])"><Data
      ss:Type="String">Shelby Paul</Data></Cell>
    <Cell ss:StyleID="Default"><Data ss:Type="String">Shelby</Data></Cell>
    <Cell ss:Index="7" ss:StyleID="Default"><Data ss:Type="String">Paul</Data></Cell>
    <Cell ss:Index="9"><Data ss:Type="String">Wingtip Toys</Data></Cell>
   </Row>
   <Row ss:AutoFitHeight="0">
    <Cell ss:Index="4" ss:StyleID="s69" ss:Formula="=CONCATENATE(RC[1],&quot; &quot;,RC[3])"><Data
      ss:Type="String">Angelo Razo</Data></Cell>
    <Cell ss:StyleID="Default"><Data ss:Type="String">Angelo</Data></Cell>
    <Cell ss:Index="7" ss:StyleID="Default"><Data ss:Type="String">Razo</Data></Cell>
    <Cell ss:Index="9"><Data ss:Type="String">Work and Play Association</Data></Cell>
   </Row>
   <Row ss:AutoFitHeight="0">
    <Cell ss:Index="4" ss:StyleID="s69" ss:Formula="=CONCATENATE(RC[1],&quot; &quot;,RC[3])"><Data
      ss:Type="String">Susanne Holcomb</Data></Cell>
    <Cell ss:StyleID="Default"><Data ss:Type="String">Susanne</Data></Cell>
    <Cell ss:Index="7" ss:StyleID="Default"><Data ss:Type="String">Holcomb</Data></Cell>
    <Cell ss:Index="9"><Data ss:Type="String">Worthwhile Activity Store</Data></Cell>
   </Row>
   <Row ss:AutoFitHeight="0">
    <Cell ss:Index="4" ss:StyleID="Default"><Data ss:Type="String">Ty Tinker</Data></Cell>
    <Cell ss:StyleID="s64"><Data ss:Type="String">Ty</Data></Cell>
    <Cell ss:Index="7" ss:StyleID="s64"><Data ss:Type="String">Tinker</Data></Cell>
    <Cell><Data ss:Type="String">someone2@contoso.com</Data></Cell>
    <Cell ss:StyleID="s63"><Data ss:Type="String">Principal consultant</Data></Cell>
   </Row>
   <Row ss:AutoFitHeight="0">
    <Cell ss:Index="4" ss:StyleID="Default"><Data ss:Type="String">Gay Gilmore</Data></Cell>
    <Cell ss:StyleID="s64"><Data ss:Type="String">Gay</Data></Cell>
    <Cell ss:Index="7" ss:StyleID="s64"><Data ss:Type="String">Gilmore</Data></Cell>
    <Cell><Data ss:Type="String">someone3@contoso.com</Data></Cell>
    <Cell ss:StyleID="s63"><Data ss:Type="String">Principal consultant</Data></Cell>
   </Row>
   <Row ss:AutoFitHeight="0">
    <Cell ss:Index="4" ss:StyleID="Default"><Data ss:Type="String">Jill David</Data></Cell>
    <Cell ss:StyleID="s64"><Data ss:Type="String">Jill</Data></Cell>
    <Cell ss:Index="7" ss:StyleID="s64"><Data ss:Type="String">David</Data></Cell>
    <Cell><Data ss:Type="String">someone4@contoso.com</Data></Cell>
    <Cell ss:StyleID="s63"><Data ss:Type="String">Principal consultant</Data></Cell>
   </Row>
   <Row ss:AutoFitHeight="0">
    <Cell ss:Index="4" ss:StyleID="Default"><Data ss:Type="String">Summer Knight</Data></Cell>
    <Cell ss:StyleID="s64"><Data ss:Type="String">Summer</Data></Cell>
    <Cell ss:Index="7" ss:StyleID="s64"><Data ss:Type="String">Knight</Data></Cell>
    <Cell><Data ss:Type="String">someone5@contoso.com</Data></Cell>
    <Cell ss:StyleID="s63"><Data ss:Type="String">Principal consultant</Data></Cell>
   </Row>
   <Row ss:AutoFitHeight="0">
    <Cell ss:Index="4" ss:StyleID="Default"><Data ss:Type="String">Kate Floyd</Data></Cell>
    <Cell ss:StyleID="s64"><Data ss:Type="String">Kate</Data></Cell>
    <Cell ss:Index="7" ss:StyleID="s64"><Data ss:Type="String">Floyd</Data></Cell>
    <Cell><Data ss:Type="String">someone6@contoso.com</Data></Cell>
    <Cell ss:StyleID="s63"><Data ss:Type="String">Principal consultant</Data></Cell>
   </Row>
   <Row ss:AutoFitHeight="0">
    <Cell ss:Index="4" ss:StyleID="Default"><Data ss:Type="String">Reggie Amaral</Data></Cell>
    <Cell ss:StyleID="s64"><Data ss:Type="String">Reggie</Data></Cell>
    <Cell ss:Index="7" ss:StyleID="s64"><Data ss:Type="String">Amaral</Data></Cell>
    <Cell><Data ss:Type="String">someone7@contoso.com</Data></Cell>
    <Cell ss:StyleID="s63"><Data ss:Type="String">Architect</Data></Cell>
   </Row>
   <Row ss:AutoFitHeight="0">
    <Cell ss:Index="4" ss:StyleID="Default"><Data ss:Type="String">Francine Duran</Data></Cell>
    <Cell ss:StyleID="s64"><Data ss:Type="String">Francine</Data></Cell>
    <Cell ss:Index="7" ss:StyleID="s64"><Data ss:Type="String">Duran</Data></Cell>
    <Cell ss:StyleID="s76"><Data ss:Type="String">someone8@contoso.com</Data></Cell>
    <Cell ss:StyleID="s74"><Data ss:Type="String">Architect</Data></Cell>
   </Row>
   <Row ss:AutoFitHeight="0">
    <Cell ss:Index="4" ss:StyleID="Default"><Data ss:Type="String">Leann Valencia</Data></Cell>
    <Cell ss:StyleID="s64"><Data ss:Type="String">Leann</Data></Cell>
    <Cell ss:Index="7" ss:StyleID="s64"><Data ss:Type="String">Valencia</Data></Cell>
    <Cell><Data ss:Type="String">someone9@contoso.com</Data></Cell>
    <Cell ss:StyleID="s63"><Data ss:Type="String">Architect</Data></Cell>
   </Row>
   <Row ss:AutoFitHeight="0">
    <Cell ss:Index="4" ss:StyleID="Default"><Data ss:Type="String">Davis Flournoy</Data></Cell>
    <Cell ss:StyleID="s64"><Data ss:Type="String">Davis</Data></Cell>
    <Cell ss:Index="7" ss:StyleID="s64"><Data ss:Type="String">Flournoy</Data></Cell>
    <Cell><Data ss:Type="String">someone10@contoso.com</Data></Cell>
    <Cell ss:StyleID="s63"><Data ss:Type="String">Architect</Data></Cell>
   </Row>
   <Row ss:AutoFitHeight="0">
    <Cell ss:Index="4" ss:StyleID="Default"><Data ss:Type="String">Judy Simon</Data></Cell>
    <Cell ss:StyleID="s64"><Data ss:Type="String">Judy</Data></Cell>
    <Cell ss:Index="7" ss:StyleID="s64"><Data ss:Type="String">Simon</Data></Cell>
    <Cell><Data ss:Type="String">someone11@contoso.com</Data></Cell>
    <Cell ss:StyleID="s63"><Data ss:Type="String">Architect</Data></Cell>
   </Row>
   <Row ss:AutoFitHeight="0">
    <Cell ss:Index="4" ss:StyleID="Default"><Data ss:Type="String">Frankie Mundy</Data></Cell>
    <Cell ss:StyleID="s64"><Data ss:Type="String">Frankie</Data></Cell>
    <Cell ss:Index="7" ss:StyleID="s64"><Data ss:Type="String">Mundy</Data></Cell>
    <Cell><Data ss:Type="String">someone12@contoso.com</Data></Cell>
    <Cell ss:StyleID="s63"><Data ss:Type="String">Program Manager</Data></Cell>
   </Row>
   <Row ss:AutoFitHeight="0">
    <Cell ss:Index="4" ss:StyleID="Default"><Data ss:Type="String">Janna Santana</Data></Cell>
    <Cell ss:StyleID="s64"><Data ss:Type="String">Janna</Data></Cell>
    <Cell ss:Index="7" ss:StyleID="s64"><Data ss:Type="String">Santana</Data></Cell>
    <Cell><Data ss:Type="String">someone13@contoso.com</Data></Cell>
    <Cell ss:StyleID="s63"><Data ss:Type="String">Program Manager</Data></Cell>
   </Row>
   <Row ss:AutoFitHeight="0">
    <Cell ss:Index="4" ss:StyleID="Default"><Data ss:Type="String">Wayne Goolsby</Data></Cell>
    <Cell ss:StyleID="s64"><Data ss:Type="String">Wayne</Data></Cell>
    <Cell ss:Index="7" ss:StyleID="s64"><Data ss:Type="String">Goolsby</Data></Cell>
    <Cell><Data ss:Type="String">someone14@contoso.com</Data></Cell>
    <Cell ss:StyleID="s63"><Data ss:Type="String">Program Manager</Data></Cell>
   </Row>
   <Row ss:AutoFitHeight="0">
    <Cell ss:Index="4" ss:StyleID="Default"><Data ss:Type="String">Ashley Chinn</Data></Cell>
    <Cell ss:StyleID="s64"><Data ss:Type="String">Ashley</Data></Cell>
    <Cell ss:Index="7" ss:StyleID="s64"><Data ss:Type="String">Chinn</Data></Cell>
    <Cell><Data ss:Type="String">someone15@contoso.com</Data></Cell>
    <Cell ss:StyleID="s63"><Data ss:Type="String">Program Manager</Data></Cell>
   </Row>
   <Row ss:AutoFitHeight="0">
    <Cell ss:Index="4" ss:StyleID="Default"><Data ss:Type="String">Winifred Pollard</Data></Cell>
    <Cell ss:StyleID="s64"><Data ss:Type="String">Winifred</Data></Cell>
    <Cell ss:Index="7" ss:StyleID="s64"><Data ss:Type="String">Pollard</Data></Cell>
    <Cell><Data ss:Type="String">someone16@contoso.com</Data></Cell>
    <Cell ss:StyleID="s63"><Data ss:Type="String">Functional consultant</Data></Cell>
   </Row>
   <Row ss:AutoFitHeight="0">
    <Cell ss:Index="4" ss:StyleID="Default"><Data ss:Type="String">Kenya Briggs</Data></Cell>
    <Cell ss:StyleID="s64"><Data ss:Type="String">Kenya</Data></Cell>
    <Cell ss:Index="7" ss:StyleID="s64"><Data ss:Type="String">Briggs</Data></Cell>
    <Cell><Data ss:Type="String">someone17@contoso.com</Data></Cell>
    <Cell ss:StyleID="s63"><Data ss:Type="String">Functional consultant</Data></Cell>
   </Row>
   <Row ss:AutoFitHeight="0">
    <Cell ss:Index="4" ss:StyleID="Default"><Data ss:Type="String">Tony Sellars</Data></Cell>
    <Cell ss:StyleID="s64"><Data ss:Type="String">Tony</Data></Cell>
    <Cell ss:Index="7" ss:StyleID="s64"><Data ss:Type="String">Sellars</Data></Cell>
    <Cell><Data ss:Type="String">someone18@contoso.com</Data></Cell>
    <Cell ss:StyleID="s63"><Data ss:Type="String">Functional consultant</Data></Cell>
   </Row>
   <Row ss:AutoFitHeight="0">
    <Cell ss:Index="4" ss:StyleID="Default"><Data ss:Type="String">Greta Rodriquez</Data></Cell>
    <Cell ss:StyleID="s64"><Data ss:Type="String">Greta</Data></Cell>
    <Cell ss:Index="7" ss:StyleID="s64"><Data ss:Type="String">Rodriquez</Data></Cell>
    <Cell><Data ss:Type="String">someone19@contoso.com</Data></Cell>
    <Cell ss:StyleID="s63"><Data ss:Type="String">Functional consultant</Data></Cell>
   </Row>
   <Row ss:AutoFitHeight="0">
    <Cell ss:Index="4" ss:StyleID="Default"><Data ss:Type="String">Lucille Frazier</Data></Cell>
    <Cell ss:StyleID="s64"><Data ss:Type="String">Lucille</Data></Cell>
    <Cell ss:Index="7" ss:StyleID="s64"><Data ss:Type="String">Frazier</Data></Cell>
    <Cell><Data ss:Type="String">someone20@contoso.com</Data></Cell>
    <Cell ss:StyleID="s63"><Data ss:Type="String">Functional consultant</Data></Cell>
   </Row>
   <Row ss:AutoFitHeight="0">
    <Cell ss:Index="4" ss:StyleID="Default"><Data ss:Type="String">Morgan Bird</Data></Cell>
    <Cell ss:StyleID="s64"><Data ss:Type="String">Morgan</Data></Cell>
    <Cell ss:Index="7" ss:StyleID="s64"><Data ss:Type="String">Bird</Data></Cell>
    <Cell><Data ss:Type="String">someone21@contoso.com</Data></Cell>
    <Cell ss:StyleID="s63"><Data ss:Type="String">Functional consultant</Data></Cell>
   </Row>
   <Row ss:AutoFitHeight="0">
    <Cell ss:Index="4" ss:StyleID="Default"><Data ss:Type="String">Dawn Phelps</Data></Cell>
    <Cell ss:StyleID="s64"><Data ss:Type="String">Dawn</Data></Cell>
    <Cell ss:Index="7" ss:StyleID="s64"><Data ss:Type="String">Phelps</Data></Cell>
    <Cell><Data ss:Type="String">someone22@contoso.com</Data></Cell>
    <Cell ss:StyleID="s63"><Data ss:Type="String">Functional consultant</Data></Cell>
   </Row>
   <Row ss:AutoFitHeight="0">
    <Cell ss:Index="4" ss:StyleID="Default"><Data ss:Type="String">Reba Potts</Data></Cell>
    <Cell ss:StyleID="s64"><Data ss:Type="String">Reba</Data></Cell>
    <Cell ss:Index="7" ss:StyleID="s64"><Data ss:Type="String">Potts</Data></Cell>
    <Cell><Data ss:Type="String">someone23@contoso.com</Data></Cell>
    <Cell ss:StyleID="s63"><Data ss:Type="String">Functional consultant</Data></Cell>
   </Row>
   <Row ss:AutoFitHeight="0">
    <Cell ss:Index="4" ss:StyleID="Default"><Data ss:Type="String">Hal Matheson</Data></Cell>
    <Cell ss:StyleID="s64"><Data ss:Type="String">Hal</Data></Cell>
    <Cell ss:Index="7" ss:StyleID="s64"><Data ss:Type="String">Matheson</Data></Cell>
    <Cell><Data ss:Type="String">someone24@contoso.com</Data></Cell>
    <Cell ss:StyleID="s63"><Data ss:Type="String">Functional consultant</Data></Cell>
   </Row>
   <Row ss:AutoFitHeight="0">
    <Cell ss:Index="4" ss:StyleID="Default"><Data ss:Type="String">Marianne Watson</Data></Cell>
    <Cell ss:StyleID="s64"><Data ss:Type="String">Marianne</Data></Cell>
    <Cell ss:Index="7" ss:StyleID="s64"><Data ss:Type="String">Watson</Data></Cell>
    <Cell><Data ss:Type="String">someone25@contoso.com</Data></Cell>
    <Cell ss:StyleID="s63"><Data ss:Type="String">Functional consultant</Data></Cell>
   </Row>
   <Row ss:AutoFitHeight="0">
    <Cell ss:Index="4" ss:StyleID="Default"><Data ss:Type="String">Katelyn Merritt</Data></Cell>
    <Cell ss:StyleID="s64"><Data ss:Type="String">Katelyn</Data></Cell>
    <Cell ss:Index="7" ss:StyleID="s64"><Data ss:Type="String">Merritt</Data></Cell>
    <Cell><Data ss:Type="String">someone26@contoso.com</Data></Cell>
    <Cell ss:StyleID="s63"><Data ss:Type="String">Functional consultant</Data></Cell>
   </Row>
   <Row ss:AutoFitHeight="0">
    <Cell ss:Index="4" ss:StyleID="Default"><Data ss:Type="String">Bernadette Foley</Data></Cell>
    <Cell ss:StyleID="s64"><Data ss:Type="String">Bernadette</Data></Cell>
    <Cell ss:Index="7" ss:StyleID="s64"><Data ss:Type="String">Foley</Data></Cell>
    <Cell><Data ss:Type="String">someone27@contoso.com</Data></Cell>
    <Cell ss:StyleID="s63"><Data ss:Type="String">Functional consultant</Data></Cell>
   </Row>
   <Row ss:AutoFitHeight="0">
    <Cell ss:Index="4" ss:StyleID="Default"><Data ss:Type="String">Dianna Woodward</Data></Cell>
    <Cell ss:StyleID="s64"><Data ss:Type="String">Dianna</Data></Cell>
    <Cell ss:Index="7" ss:StyleID="s64"><Data ss:Type="String">Woodward</Data></Cell>
    <Cell><Data ss:Type="String">someone28@contoso.com</Data></Cell>
    <Cell ss:StyleID="s63"><Data ss:Type="String">Functional consultant</Data></Cell>
   </Row>
   <Row ss:AutoFitHeight="0">
    <Cell ss:Index="4" ss:StyleID="Default"><Data ss:Type="String">Abraham McCormick</Data></Cell>
    <Cell ss:StyleID="s64"><Data ss:Type="String">Abraham</Data></Cell>
    <Cell ss:Index="7" ss:StyleID="s64"><Data ss:Type="String">McCormick</Data></Cell>
    <Cell><Data ss:Type="String">someone29@contoso.com</Data></Cell>
    <Cell ss:StyleID="s63"><Data ss:Type="String">Functional consultant</Data></Cell>
   </Row>
   <Row ss:AutoFitHeight="0">
    <Cell ss:Index="4" ss:StyleID="Default"><Data ss:Type="String">Lizzie Foley</Data></Cell>
    <Cell ss:StyleID="s64"><Data ss:Type="String">Lizzie</Data></Cell>
    <Cell ss:Index="7" ss:StyleID="s64"><Data ss:Type="String">Foley</Data></Cell>
    <Cell><Data ss:Type="String">someone30@contoso.com</Data></Cell>
    <Cell ss:StyleID="s63"><Data ss:Type="String">Technical consultant</Data></Cell>
   </Row>
   <Row ss:AutoFitHeight="0">
    <Cell ss:Index="4" ss:StyleID="Default"><Data ss:Type="String">Cheri Castaneda</Data></Cell>
    <Cell ss:StyleID="s64"><Data ss:Type="String">Cheri</Data></Cell>
    <Cell ss:Index="7" ss:StyleID="s64"><Data ss:Type="String">Castaneda</Data></Cell>
    <Cell><Data ss:Type="String">someone31@contoso.com</Data></Cell>
    <Cell ss:StyleID="s63"><Data ss:Type="String">Technical consultant</Data></Cell>
   </Row>
   <Row ss:AutoFitHeight="0">
    <Cell ss:Index="4" ss:StyleID="Default"><Data ss:Type="String">Allison Dickson</Data></Cell>
    <Cell ss:StyleID="s64"><Data ss:Type="String">Allison</Data></Cell>
    <Cell ss:Index="7" ss:StyleID="s64"><Data ss:Type="String">Dickson</Data></Cell>
    <Cell><Data ss:Type="String">someone32@contoso.com</Data></Cell>
    <Cell ss:StyleID="s63"><Data ss:Type="String">Technical consultant</Data></Cell>
   </Row>
   <Row ss:AutoFitHeight="0">
    <Cell ss:Index="4" ss:StyleID="Default"><Data ss:Type="String">Florine Wilkerson</Data></Cell>
    <Cell ss:StyleID="s64"><Data ss:Type="String">Florine</Data></Cell>
    <Cell ss:Index="7" ss:StyleID="s64"><Data ss:Type="String">Wilkerson</Data></Cell>
    <Cell><Data ss:Type="String">someone33@contoso.com</Data></Cell>
    <Cell ss:StyleID="s63"><Data ss:Type="String">Technical consultant</Data></Cell>
   </Row>
   <Row ss:AutoFitHeight="0">
    <Cell ss:Index="4" ss:StyleID="Default"><Data ss:Type="String">Christal Robles</Data></Cell>
    <Cell ss:StyleID="s64"><Data ss:Type="String">Christal</Data></Cell>
    <Cell ss:Index="7" ss:StyleID="s64"><Data ss:Type="String">Robles</Data></Cell>
    <Cell><Data ss:Type="String">someone34@contoso.com</Data></Cell>
    <Cell ss:StyleID="s63"><Data ss:Type="String">Technical consultant</Data></Cell>
   </Row>
   <Row ss:AutoFitHeight="0">
    <Cell ss:Index="4" ss:StyleID="Default"><Data ss:Type="String">Lula Walter</Data></Cell>
    <Cell ss:StyleID="s64"><Data ss:Type="String">Lula</Data></Cell>
    <Cell ss:Index="7" ss:StyleID="s64"><Data ss:Type="String">Walter</Data></Cell>
    <Cell><Data ss:Type="String">someone35@contoso.com</Data></Cell>
    <Cell ss:StyleID="s63"><Data ss:Type="String">Technical consultant</Data></Cell>
   </Row>
   <Row ss:AutoFitHeight="0">
    <Cell ss:Index="4" ss:StyleID="Default"><Data ss:Type="String">Rickie Seely</Data></Cell>
    <Cell ss:StyleID="s64"><Data ss:Type="String">Rickie</Data></Cell>
    <Cell ss:Index="7" ss:StyleID="s64"><Data ss:Type="String">Seely</Data></Cell>
    <Cell><Data ss:Type="String">someone36@contoso.com</Data></Cell>
    <Cell ss:StyleID="s63"><Data ss:Type="String">Technical consultant</Data></Cell>
   </Row>
   <Row ss:AutoFitHeight="0">
    <Cell ss:Index="4" ss:StyleID="Default"><Data ss:Type="String">Clarence Desimone</Data></Cell>
    <Cell ss:StyleID="s64"><Data ss:Type="String">Clarence</Data></Cell>
    <Cell ss:Index="7" ss:StyleID="s64"><Data ss:Type="String">Desimone</Data></Cell>
    <Cell><Data ss:Type="String">someone37@contoso.com</Data></Cell>
    <Cell ss:StyleID="s63"><Data ss:Type="String">Technical consultant</Data></Cell>
   </Row>
   <Row ss:AutoFitHeight="0">
    <Cell ss:Index="4" ss:StyleID="Default"><Data ss:Type="String">Christie Dawson</Data></Cell>
    <Cell ss:StyleID="s64"><Data ss:Type="String">Christie</Data></Cell>
    <Cell ss:Index="7" ss:StyleID="s64"><Data ss:Type="String">Dawson</Data></Cell>
    <Cell><Data ss:Type="String">someone38@contoso.com</Data></Cell>
    <Cell ss:StyleID="s63"><Data ss:Type="String">Technical consultant</Data></Cell>
   </Row>
   <Row ss:AutoFitHeight="0">
    <Cell ss:Index="4" ss:StyleID="Default"><Data ss:Type="String">Martina Welch</Data></Cell>
    <Cell ss:StyleID="s64"><Data ss:Type="String">Martina</Data></Cell>
    <Cell ss:Index="7" ss:StyleID="s64"><Data ss:Type="String">Welch</Data></Cell>
    <Cell><Data ss:Type="String">someone39@contoso.com</Data></Cell>
    <Cell ss:StyleID="s63"><Data ss:Type="String">Technical consultant</Data></Cell>
   </Row>
   <Row ss:AutoFitHeight="0">
    <Cell ss:Index="4" ss:StyleID="Default"><Data ss:Type="String">Tabatha Guy</Data></Cell>
    <Cell ss:StyleID="s64"><Data ss:Type="String">Tabatha</Data></Cell>
    <Cell ss:Index="7" ss:StyleID="s64"><Data ss:Type="String">Guy</Data></Cell>
    <Cell><Data ss:Type="String">someone40@contoso.com</Data></Cell>
    <Cell ss:StyleID="s63"><Data ss:Type="String">Technical consultant</Data></Cell>
   </Row>
   <Row ss:AutoFitHeight="0">
    <Cell ss:Index="4" ss:StyleID="Default"><Data ss:Type="String">Jolene Keith</Data></Cell>
    <Cell ss:StyleID="s64"><Data ss:Type="String">Jolene</Data></Cell>
    <Cell ss:Index="7" ss:StyleID="s64"><Data ss:Type="String">Keith</Data></Cell>
    <Cell><Data ss:Type="String">someone41@contoso.com</Data></Cell>
    <Cell ss:StyleID="s63"><Data ss:Type="String">Technical consultant</Data></Cell>
   </Row>
   <Row ss:AutoFitHeight="0">
    <Cell ss:Index="4" ss:StyleID="Default"><Data ss:Type="String">Faith Ratliff</Data></Cell>
    <Cell ss:StyleID="s64"><Data ss:Type="String">Faith</Data></Cell>
    <Cell ss:Index="7" ss:StyleID="s64"><Data ss:Type="String">Ratliff</Data></Cell>
    <Cell><Data ss:Type="String">someone42@contoso.com</Data></Cell>
    <Cell ss:StyleID="s63"><Data ss:Type="String">Technical consultant</Data></Cell>
   </Row>
   <Row ss:AutoFitHeight="0">
    <Cell ss:Index="4" ss:StyleID="Default"><Data ss:Type="String">Jennifer Rivas</Data></Cell>
    <Cell ss:StyleID="s64"><Data ss:Type="String">Jennifer</Data></Cell>
    <Cell ss:Index="7" ss:StyleID="s64"><Data ss:Type="String">Rivas</Data></Cell>
    <Cell><Data ss:Type="String">someone43@contoso.com</Data></Cell>
    <Cell ss:StyleID="s63"><Data ss:Type="String">Technical consultant</Data></Cell>
   </Row>
   <Row ss:AutoFitHeight="0">
    <Cell ss:Index="4" ss:StyleID="Default"><Data ss:Type="String">Tamra Riggs</Data></Cell>
    <Cell ss:StyleID="s64"><Data ss:Type="String">Tamra</Data></Cell>
    <Cell ss:Index="7" ss:StyleID="s64"><Data ss:Type="String">Riggs</Data></Cell>
    <Cell><Data ss:Type="String">someone44@contoso.com</Data></Cell>
    <Cell ss:StyleID="s63"><Data ss:Type="String">Technical consultant</Data></Cell>
   </Row>
   <Row ss:AutoFitHeight="0">
    <Cell ss:Index="4" ss:StyleID="Default"><Data ss:Type="String">Mike Fogarty</Data></Cell>
    <Cell ss:StyleID="s64"><Data ss:Type="String">Mike</Data></Cell>
    <Cell ss:Index="7" ss:StyleID="s64"><Data ss:Type="String">Fogarty</Data></Cell>
    <Cell><Data ss:Type="String">someone45@contoso.com</Data></Cell>
    <Cell ss:StyleID="s63"><Data ss:Type="String">Developer</Data></Cell>
   </Row>
   <Row ss:AutoFitHeight="0">
    <Cell ss:Index="4" ss:StyleID="Default"><Data ss:Type="String">Reed Hermann</Data></Cell>
    <Cell ss:StyleID="s64"><Data ss:Type="String">Reed</Data></Cell>
    <Cell ss:Index="7" ss:StyleID="s64"><Data ss:Type="String">Hermann</Data></Cell>
    <Cell><Data ss:Type="String">someone46@contoso.com</Data></Cell>
    <Cell ss:StyleID="s63"><Data ss:Type="String">Developer</Data></Cell>
   </Row>
   <Row ss:AutoFitHeight="0">
    <Cell ss:Index="4" ss:StyleID="Default"><Data ss:Type="String">Eva Dawson</Data></Cell>
    <Cell ss:StyleID="s64"><Data ss:Type="String">Eva</Data></Cell>
    <Cell ss:Index="7" ss:StyleID="s64"><Data ss:Type="String">Dawson</Data></Cell>
    <Cell><Data ss:Type="String">someone47@contoso.com</Data></Cell>
    <Cell ss:StyleID="s63"><Data ss:Type="String">Developer</Data></Cell>
   </Row>
   <Row ss:AutoFitHeight="0">
    <Cell ss:Index="4" ss:StyleID="Default"><Data ss:Type="String">Pamela Golden</Data></Cell>
    <Cell ss:StyleID="s64"><Data ss:Type="String">Pamela</Data></Cell>
    <Cell ss:Index="7" ss:StyleID="s64"><Data ss:Type="String">Golden</Data></Cell>
    <Cell><Data ss:Type="String">someone48@contoso.com</Data></Cell>
    <Cell ss:StyleID="s63"><Data ss:Type="String">Developer</Data></Cell>
   </Row>
   <Row ss:AutoFitHeight="0">
    <Cell ss:Index="4" ss:StyleID="Default"><Data ss:Type="String">Lawanda Massey</Data></Cell>
    <Cell ss:StyleID="s64"><Data ss:Type="String">Lawanda</Data></Cell>
    <Cell ss:Index="7" ss:StyleID="s64"><Data ss:Type="String">Massey</Data></Cell>
    <Cell><Data ss:Type="String">someone49@contoso.com</Data></Cell>
    <Cell ss:StyleID="s63"><Data ss:Type="String">Developer</Data></Cell>
   </Row>
   <Row ss:AutoFitHeight="0">
    <Cell ss:Index="4" ss:StyleID="Default"><Data ss:Type="String">Orville Eagle</Data></Cell>
    <Cell ss:StyleID="s64"><Data ss:Type="String">Orville</Data></Cell>
    <Cell ss:Index="7" ss:StyleID="s64"><Data ss:Type="String">Eagle</Data></Cell>
    <Cell><Data ss:Type="String">someone50@contoso.com</Data></Cell>
    <Cell ss:StyleID="s63"><Data ss:Type="String">Developer</Data></Cell>
   </Row>
   <Row ss:AutoFitHeight="0">
    <Cell ss:Index="4" ss:StyleID="Default"><Data ss:Type="String">Laurie Norman</Data></Cell>
    <Cell ss:StyleID="s64"><Data ss:Type="String">Laurie</Data></Cell>
    <Cell ss:Index="7" ss:StyleID="s64"><Data ss:Type="String">Norman</Data></Cell>
    <Cell><Data ss:Type="String">someone51@contoso.com</Data></Cell>
    <Cell ss:StyleID="s63"><Data ss:Type="String">Developer</Data></Cell>
   </Row>
   <Row ss:AutoFitHeight="0">
    <Cell ss:Index="4" ss:StyleID="Default"><Data ss:Type="String">Gracie George</Data></Cell>
    <Cell ss:StyleID="s64"><Data ss:Type="String">Gracie</Data></Cell>
    <Cell ss:Index="7" ss:StyleID="s64"><Data ss:Type="String">George</Data></Cell>
    <Cell><Data ss:Type="String">someone52@contoso.com</Data></Cell>
    <Cell ss:StyleID="s63"><Data ss:Type="String">Developer</Data></Cell>
   </Row>
   <Row ss:AutoFitHeight="0">
    <Cell ss:Index="4" ss:StyleID="Default"><Data ss:Type="String">Faith Charles</Data></Cell>
    <Cell ss:StyleID="s64"><Data ss:Type="String">Faith</Data></Cell>
    <Cell ss:Index="7" ss:StyleID="s64"><Data ss:Type="String">Charles</Data></Cell>
    <Cell><Data ss:Type="String">someone53@contoso.com</Data></Cell>
    <Cell ss:StyleID="s63"><Data ss:Type="String">Developer</Data></Cell>
   </Row>
   <Row ss:AutoFitHeight="0">
    <Cell ss:Index="4" ss:StyleID="Default"><Data ss:Type="String">Maryanne Wilcox</Data></Cell>
    <Cell ss:StyleID="s64"><Data ss:Type="String">Maryanne</Data></Cell>
    <Cell ss:Index="7" ss:StyleID="s64"><Data ss:Type="String">Wilcox</Data></Cell>
    <Cell><Data ss:Type="String">someone54@contoso.com</Data></Cell>
    <Cell ss:StyleID="s63"><Data ss:Type="String">Developer</Data></Cell>
   </Row>
   <Row ss:AutoFitHeight="0">
    <Cell ss:Index="4" ss:StyleID="Default"><Data ss:Type="String">Madge Sutton</Data></Cell>
    <Cell ss:StyleID="s64"><Data ss:Type="String">Madge</Data></Cell>
    <Cell ss:Index="7" ss:StyleID="s64"><Data ss:Type="String">Sutton</Data></Cell>
    <Cell><Data ss:Type="String">someone55@contoso.com</Data></Cell>
    <Cell ss:StyleID="s63"><Data ss:Type="String">Developer</Data></Cell>
   </Row>
   <Row ss:AutoFitHeight="0">
    <Cell ss:Index="4" ss:StyleID="Default"><Data ss:Type="String">Bob Kozak</Data></Cell>
    <Cell ss:StyleID="s64"><Data ss:Type="String">Bob</Data></Cell>
    <Cell ss:Index="7" ss:StyleID="s64"><Data ss:Type="String">Kozak</Data></Cell>
    <Cell><Data ss:Type="String">someone56@contoso.com</Data></Cell>
    <Cell ss:StyleID="s63"><Data ss:Type="String">Developer</Data></Cell>
   </Row>
   <Row ss:AutoFitHeight="0">
    <Cell ss:Index="4" ss:StyleID="Default"><Data ss:Type="String">Kellie Leblanc</Data></Cell>
    <Cell ss:StyleID="s64"><Data ss:Type="String">Kellie</Data></Cell>
    <Cell ss:Index="7" ss:StyleID="s64"><Data ss:Type="String">Leblanc</Data></Cell>
    <Cell><Data ss:Type="String">someone57@contoso.com</Data></Cell>
    <Cell ss:StyleID="s63"><Data ss:Type="String">Developer</Data></Cell>
   </Row>
   <Row ss:AutoFitHeight="0">
    <Cell ss:Index="4" ss:StyleID="Default"><Data ss:Type="String">Dick Cowley</Data></Cell>
    <Cell ss:StyleID="s64"><Data ss:Type="String">Dick</Data></Cell>
    <Cell ss:Index="7" ss:StyleID="s64"><Data ss:Type="String">Cowley</Data></Cell>
    <Cell><Data ss:Type="String">someone58@contoso.com</Data></Cell>
    <Cell ss:StyleID="s63"><Data ss:Type="String">Developer</Data></Cell>
   </Row>
   <Row ss:AutoFitHeight="0">
    <Cell ss:Index="4" ss:StyleID="Default"><Data ss:Type="String">Vicky Barker</Data></Cell>
    <Cell ss:StyleID="s64"><Data ss:Type="String">Vicky</Data></Cell>
    <Cell ss:Index="7" ss:StyleID="s64"><Data ss:Type="String">Barker</Data></Cell>
    <Cell><Data ss:Type="String">someone59@contoso.com</Data></Cell>
    <Cell ss:StyleID="s63"><Data ss:Type="String">Developer</Data></Cell>
   </Row>
   <Row ss:AutoFitHeight="0">
    <Cell ss:Index="4" ss:StyleID="Default"><Data ss:Type="String">Katheryn Dickson</Data></Cell>
    <Cell ss:StyleID="s64"><Data ss:Type="String">Katheryn</Data></Cell>
    <Cell ss:Index="7" ss:StyleID="s64"><Data ss:Type="String">Dickson</Data></Cell>
    <Cell><Data ss:Type="String">someone60@contoso.com</Data></Cell>
    <Cell ss:StyleID="s77"><Data ss:Type="String">Functional consultant</Data></Cell>
   </Row>
   <Row ss:AutoFitHeight="0">
    <Cell ss:Index="4" ss:StyleID="Default"><Data ss:Type="String">Jay Orth</Data></Cell>
    <Cell ss:StyleID="s64"><Data ss:Type="String">Jay</Data></Cell>
    <Cell ss:Index="7" ss:StyleID="s64"><Data ss:Type="String">Orth</Data></Cell>
    <Cell><Data ss:Type="String">someone61@contoso.com</Data></Cell>
    <Cell ss:StyleID="s77"><Data ss:Type="String">Program Manager</Data></Cell>
   </Row>
   <Row ss:AutoFitHeight="0">
    <Cell ss:Index="4"><Data ss:Type="String">June Low</Data></Cell>
    <Cell><Data ss:Type="String">June</Data></Cell>
    <Cell ss:Index="7"><Data ss:Type="String">Low</Data></Cell>
    <Cell ss:StyleID="s79" ss:HRef="mailto:someone62@somewhere.org"><Data
      ss:Type="String">someone62@contoso.com</Data></Cell>
    <Cell ss:StyleID="s80"><Data ss:Type="String">Practice manager</Data></Cell>
   </Row>
   <Row ss:AutoFitHeight="0">
    <Cell ss:Index="4" ss:StyleID="s80"><Data ss:Type="String">Reina Cabatana</Data></Cell>
    <Cell><Data ss:Type="String">Reina</Data></Cell>
    <Cell ss:Index="7"><Data ss:Type="String">Cabatana</Data></Cell>
    <Cell ss:StyleID="s79" ss:HRef="mailto:someone64@somewhere.org"><Data
      ss:Type="String">someone64@contoso.com</Data></Cell>
    <Cell ss:StyleID="s80"><Data ss:Type="String">Resource manager</Data></Cell>
   </Row>
   <Row ss:AutoFitHeight="0">
    <Cell ss:Index="4" ss:StyleID="Default"><Data ss:Type="String">Brady Hannon</Data></Cell>
    <Cell ss:StyleID="s64"><Data ss:Type="String">Brady</Data></Cell>
    <Cell ss:StyleID="Default"/>
    <Cell ss:StyleID="s64"><Data ss:Type="String">Hannon</Data></Cell>
    <Cell ss:StyleID="s62" ss:HRef="mailto:someone65@contoso.com"><Data
      ss:Type="String">someone65@contoso.com</Data></Cell>
    <Cell ss:Index="10" ss:StyleID="Default"/>
    <Cell ss:StyleID="Default"/>
    <Cell><Data ss:Type="Number">47.577522999999999</Data></Cell>
    <Cell><Data ss:Type="Number">-122.170265</Data></Cell>
   </Row>
   <Row ss:AutoFitHeight="0">
    <Cell ss:Index="4" ss:StyleID="Default"><Data ss:Type="String">Simon Raley</Data></Cell>
    <Cell ss:StyleID="s64"><Data ss:Type="String">Simon</Data></Cell>
    <Cell ss:StyleID="Default"/>
    <Cell ss:StyleID="s64"><Data ss:Type="String">Raley</Data></Cell>
    <Cell ss:StyleID="s62" ss:HRef="mailto:someone66@contoso.com"><Data
      ss:Type="String">someone66@contoso.com</Data></Cell>
    <Cell ss:Index="10" ss:StyleID="Default"/>
    <Cell ss:StyleID="Default"/>
    <Cell><Data ss:Type="Number">47.622145029999999</Data></Cell>
    <Cell><Data ss:Type="Number">-122.3208606</Data></Cell>
   </Row>
   <Row ss:AutoFitHeight="0">
    <Cell ss:Index="4" ss:StyleID="Default"><Data ss:Type="String">Wilson Chew</Data></Cell>
    <Cell ss:StyleID="s64"><Data ss:Type="String">Wilson</Data></Cell>
    <Cell ss:StyleID="Default"/>
    <Cell ss:StyleID="s64"><Data ss:Type="String">Chew</Data></Cell>
    <Cell ss:StyleID="s62" ss:HRef="mailto:someone67@contoso.com"><Data
      ss:Type="String">someone67@contoso.com</Data></Cell>
    <Cell ss:Index="10" ss:StyleID="Default"/>
    <Cell ss:StyleID="Default"/>
    <Cell><Data ss:Type="Number">47.48883</Data></Cell>
    <Cell><Data ss:Type="Number">-122.16368</Data></Cell>
   </Row>
   <Row ss:AutoFitHeight="0">
    <Cell ss:Index="4" ss:StyleID="Default"><Data ss:Type="String">Edgar Dominquez</Data></Cell>
    <Cell ss:StyleID="s64"><Data ss:Type="String">Edgar</Data></Cell>
    <Cell ss:StyleID="Default"/>
    <Cell ss:StyleID="s64"><Data ss:Type="String">Dominquez</Data></Cell>
    <Cell ss:StyleID="s62" ss:HRef="mailto:someone68@contoso.com"><Data
      ss:Type="String">someone68@contoso.com</Data></Cell>
    <Cell ss:Index="10" ss:StyleID="Default"/>
    <Cell ss:StyleID="Default"/>
    <Cell><Data ss:Type="Number">47.477481619999999</Data></Cell>
    <Cell><Data ss:Type="Number">-122.215867</Data></Cell>
   </Row>
   <Row ss:AutoFitHeight="0">
    <Cell ss:Index="4" ss:StyleID="Default"><Data ss:Type="String">Efrain Schreiner</Data></Cell>
    <Cell ss:StyleID="s64"><Data ss:Type="String">Efrain</Data></Cell>
    <Cell ss:StyleID="Default"/>
    <Cell ss:StyleID="s64"><Data ss:Type="String">Schreiner</Data></Cell>
    <Cell ss:StyleID="s62" ss:HRef="mailto:someone69@contoso.com"><Data
      ss:Type="String">someone69@contoso.com</Data></Cell>
    <Cell ss:Index="10" ss:StyleID="Default"/>
    <Cell ss:StyleID="Default"/>
    <Cell><Data ss:Type="Number">47.61056713</Data></Cell>
    <Cell><Data ss:Type="Number">-122.2015657</Data></Cell>
   </Row>
   <Row ss:AutoFitHeight="0">
    <Cell ss:Index="4" ss:StyleID="Default"><Data ss:Type="String">Joseph Gonsalves</Data></Cell>
    <Cell ss:StyleID="s64"><Data ss:Type="String">Joseph</Data></Cell>
    <Cell ss:StyleID="Default"/>
    <Cell ss:StyleID="s64"><Data ss:Type="String">Gonsalves</Data></Cell>
    <Cell ss:StyleID="s62" ss:HRef="mailto:someone70@contoso.com"><Data
      ss:Type="String">someone70@contoso.com</Data></Cell>
    <Cell ss:Index="10" ss:StyleID="Default"/>
    <Cell ss:StyleID="Default"/>
    <Cell><Data ss:Type="Number">47.560130000000001</Data></Cell>
    <Cell><Data ss:Type="Number">-122.3853</Data></Cell>
   </Row>
   <Row ss:AutoFitHeight="0">
    <Cell ss:Index="4" ss:StyleID="Default"><Data ss:Type="String">Matthew Everson</Data></Cell>
    <Cell ss:StyleID="s64"><Data ss:Type="String">Matthew</Data></Cell>
    <Cell ss:StyleID="Default"/>
    <Cell ss:StyleID="s64"><Data ss:Type="String">Everson</Data></Cell>
    <Cell ss:StyleID="s62" ss:HRef="mailto:someone71@contoso.com"><Data
      ss:Type="String">someone71@contoso.com</Data></Cell>
    <Cell ss:Index="10" ss:StyleID="Default"/>
    <Cell ss:StyleID="Default"/>
    <Cell><Data ss:Type="Number">47.535558719999997</Data></Cell>
    <Cell><Data ss:Type="Number">-122.1289323</Data></Cell>
   </Row>
   <Row ss:AutoFitHeight="0">
    <Cell ss:Index="4" ss:StyleID="Default"><Data ss:Type="String">Ricardo Seely</Data></Cell>
    <Cell ss:StyleID="s64"><Data ss:Type="String">Ricardo</Data></Cell>
    <Cell ss:StyleID="Default"/>
    <Cell ss:StyleID="s64"><Data ss:Type="String">Seely</Data></Cell>
    <Cell ss:StyleID="s62" ss:HRef="mailto:someone72@contoso.com"><Data
      ss:Type="String">someone72@contoso.com</Data></Cell>
    <Cell ss:Index="10" ss:StyleID="Default"/>
    <Cell ss:StyleID="Default"/>
    <Cell><Data ss:Type="Number">47.62360382</Data></Cell>
    <Cell><Data ss:Type="Number">-122.3552933</Data></Cell>
   </Row>
   <Row ss:AutoFitHeight="0">
    <Cell ss:Index="4" ss:StyleID="Default"><Data ss:Type="String">Norbert Sandberg</Data></Cell>
    <Cell ss:StyleID="s64"><Data ss:Type="String">Norbert</Data></Cell>
    <Cell ss:StyleID="Default"/>
    <Cell ss:StyleID="s64"><Data ss:Type="String">Sandberg</Data></Cell>
    <Cell ss:StyleID="s62" ss:HRef="mailto:someone73@contoso.com"><Data
      ss:Type="String">someone73@contoso.com</Data></Cell>
    <Cell ss:Index="10" ss:StyleID="Default"/>
    <Cell ss:StyleID="Default"/>
    <Cell><Data ss:Type="Number">47.615531709999999</Data></Cell>
    <Cell><Data ss:Type="Number">-122.1963243</Data></Cell>
   </Row>
   <Row ss:AutoFitHeight="0">
    <Cell ss:Index="4" ss:StyleID="Default"><Data ss:Type="String">Van Amundson</Data></Cell>
    <Cell ss:StyleID="s64"><Data ss:Type="String">Van</Data></Cell>
    <Cell ss:StyleID="Default"/>
    <Cell ss:StyleID="s64"><Data ss:Type="String">Amundson</Data></Cell>
    <Cell ss:StyleID="s62" ss:HRef="mailto:someone74@contoso.com"><Data
      ss:Type="String">someone74@contoso.com</Data></Cell>
    <Cell ss:Index="10" ss:StyleID="Default"/>
    <Cell ss:StyleID="Default"/>
    <Cell><Data ss:Type="Number">47.610104999999997</Data></Cell>
    <Cell><Data ss:Type="Number">-122.33358800000001</Data></Cell>
   </Row>
   <Row ss:AutoFitHeight="0">
    <Cell ss:Index="4" ss:StyleID="Default"><Data ss:Type="String">Samuel McBride</Data></Cell>
    <Cell ss:StyleID="s64"><Data ss:Type="String">Samuel</Data></Cell>
    <Cell ss:StyleID="Default"/>
    <Cell ss:StyleID="s64"><Data ss:Type="String">McBride</Data></Cell>
    <Cell ss:StyleID="s62" ss:HRef="mailto:someone75@contoso.com"><Data
      ss:Type="String">someone75@contoso.com</Data></Cell>
    <Cell ss:Index="10" ss:StyleID="Default"/>
    <Cell ss:StyleID="Default"/>
    <Cell><Data ss:Type="Number">47.614538750000001</Data></Cell>
    <Cell><Data ss:Type="Number">-122.0354047</Data></Cell>
   </Row>
   <Row ss:AutoFitHeight="0">
    <Cell ss:Index="4" ss:StyleID="Default"><Data ss:Type="String">Victor Timm</Data></Cell>
    <Cell ss:StyleID="s64"><Data ss:Type="String">Victor</Data></Cell>
    <Cell ss:StyleID="Default"/>
    <Cell ss:StyleID="s64"><Data ss:Type="String">Timm</Data></Cell>
    <Cell ss:StyleID="s62" ss:HRef="mailto:someone76@contoso.com"><Data
      ss:Type="String">someone76@contoso.com</Data></Cell>
    <Cell ss:Index="10" ss:StyleID="Default"/>
    <Cell ss:StyleID="Default"/>
    <Cell><Data ss:Type="Number">47.615744999999997</Data></Cell>
    <Cell><Data ss:Type="Number">-122.19870899999999</Data></Cell>
   </Row>
   <Row ss:AutoFitHeight="0">
    <Cell ss:Index="4" ss:StyleID="Default"><Data ss:Type="String">Kris Nakamura</Data></Cell>
    <Cell ss:StyleID="s64"><Data ss:Type="String">Kris</Data></Cell>
    <Cell ss:StyleID="Default"/>
    <Cell ss:StyleID="s64"><Data ss:Type="String">Nakamura</Data></Cell>
    <Cell ss:StyleID="s62" ss:HRef="mailto:someone77@contoso.com"><Data
      ss:Type="String">someone77@contoso.com</Data></Cell>
    <Cell ss:Index="10" ss:StyleID="Default"/>
    <Cell ss:StyleID="Default"/>
    <Cell><Data ss:Type="Number">47.616620939999997</Data></Cell>
    <Cell><Data ss:Type="Number">-122.1803937</Data></Cell>
   </Row>
   <Row ss:AutoFitHeight="0">
    <Cell ss:Index="4" ss:StyleID="Default"><Data ss:Type="String">Ryan Brim</Data></Cell>
    <Cell ss:StyleID="s64"><Data ss:Type="String">Ryan</Data></Cell>
    <Cell ss:StyleID="Default"/>
    <Cell ss:StyleID="s64"><Data ss:Type="String">Brim</Data></Cell>
    <Cell ss:StyleID="s62" ss:HRef="mailto:someone78@contoso.com"><Data
      ss:Type="String">someone78@contoso.com</Data></Cell>
    <Cell ss:Index="10" ss:StyleID="Default"/>
    <Cell ss:StyleID="Default"/>
    <Cell><Data ss:Type="Number">47.669710000000002</Data></Cell>
    <Cell><Data ss:Type="Number">-122.121499</Data></Cell>
   </Row>
   <Row ss:AutoFitHeight="0">
    <Cell ss:Index="4" ss:StyleID="Default"><Data ss:Type="String">Luke Lundgren</Data></Cell>
    <Cell ss:StyleID="s64"><Data ss:Type="String">Luke</Data></Cell>
    <Cell ss:StyleID="Default"/>
    <Cell ss:StyleID="s64"><Data ss:Type="String">Lundgren</Data></Cell>
    <Cell ss:StyleID="s62" ss:HRef="mailto:someone79@contoso.com"><Data
      ss:Type="String">someone79@contoso.com</Data></Cell>
    <Cell ss:Index="10" ss:StyleID="Default"/>
    <Cell ss:StyleID="Default"/>
    <Cell><Data ss:Type="Number">47.671387269999997</Data></Cell>
    <Cell><Data ss:Type="Number">-122.11309989999999</Data></Cell>
   </Row>
   <Row ss:AutoFitHeight="0">
    <Cell ss:Index="4" ss:StyleID="Default"><Data ss:Type="String">Jorge Gault</Data></Cell>
    <Cell ss:StyleID="s64"><Data ss:Type="String">Jorge</Data></Cell>
    <Cell ss:StyleID="Default"/>
    <Cell ss:StyleID="s64"><Data ss:Type="String">Gault</Data></Cell>
    <Cell ss:StyleID="s62" ss:HRef="mailto:someone80@contoso.com"><Data
      ss:Type="String">someone80@contoso.com</Data></Cell>
    <Cell ss:Index="10" ss:StyleID="Default"/>
    <Cell ss:StyleID="Default"/>
    <Cell><Data ss:Type="Number">47.610817160000003</Data></Cell>
    <Cell><Data ss:Type="Number">-122.3318436</Data></Cell>
   </Row>
  </Table>
  <WorksheetOptions xmlns="urn:schemas-microsoft-com:office:excel">
   <PageSetup>
    <Header x:Margin="0.3"/>
    <Footer x:Margin="0.3"/>
    <PageMargins x:Bottom="0.75" x:Left="0.7" x:Right="0.7" x:Top="0.75"/>
   </PageSetup>
   <Unsynced/>
   <Print>
    <ValidPrinterInfo/>
    <HorizontalResolution>600</HorizontalResolution>
    <VerticalResolution>600</VerticalResolution>
   </Print>
   <Selected/>
   <TopRowVisible>111</TopRowVisible>
   <LeftColumnVisible>3</LeftColumnVisible>
   <Panes>
    <Pane>
     <Number>3</Number>
     <ActiveRow>128</ActiveRow>
     <ActiveCol>10</ActiveCol>
    </Pane>
   </Panes>
   <ProtectObjects>False</ProtectObjects>
   <ProtectScenarios>False</ProtectScenarios>
  </WorksheetOptions>
  <DataValidation xmlns="urn:schemas-microsoft-com:office:excel">
   <Range>R2C4:R61C4,R140C4:R1048576C4</Range>
   <Type>TextLength</Type>
   <Qualifier>LessOrEqual</Qualifier>
   <Value>160</Value>
   <InputTitle>Text</InputTitle>
   <InputMessage>Maximum Length: 160 characters.</InputMessage>
   <ErrorMessage>This value must be less than or equal to 160 characters long.</ErrorMessage>
   <ErrorTitle>Length Exceeded</ErrorTitle>
  </DataValidation>
  <DataValidation xmlns="urn:schemas-microsoft-com:office:excel">
   <Range>R2C5:R61C5,R140C11:R1048576C11,R2C6:R123C6,R2C11:R123C11,R140C5:R1048576C6</Range>
   <Type>TextLength</Type>
   <Qualifier>LessOrEqual</Qualifier>
   <Value>50</Value>
   <InputTitle>Text</InputTitle>
   <InputMessage>Maximum Length: 50 characters.</InputMessage>
   <ErrorMessage>This value must be less than or equal to 50 characters long.</ErrorMessage>
   <ErrorTitle>Length Exceeded</ErrorTitle>
  </DataValidation>
  <DataValidation xmlns="urn:schemas-microsoft-com:office:excel">
   <Range>R2C7:R61C7,R140C7:R1048576C7</Range>
   <Type>TextLength</Type>
   <Qualifier>LessOrEqual</Qualifier>
   <UseBlank/>
   <Value>50</Value>
   <InputTitle>Text (required)</InputTitle>
   <InputMessage>Maximum Length: 50 characters.</InputMessage>
   <ErrorMessage>This value must be less than or equal to 50 characters long.</ErrorMessage>
   <ErrorTitle>Length Exceeded</ErrorTitle>
  </DataValidation>
  <DataValidation xmlns="urn:schemas-microsoft-com:office:excel">
   <Range>R2C8:R61C9,R140C8:R1048576C9</Range>
   <Type>TextLength</Type>
   <Qualifier>LessOrEqual</Qualifier>
   <Value>100</Value>
   <InputTitle>Text</InputTitle>
   <InputMessage>Maximum Length: 100 characters.</InputMessage>
   <ErrorMessage>This value must be less than or equal to 100 characters long.</ErrorMessage>
   <ErrorTitle>Length Exceeded</ErrorTitle>
  </DataValidation>
  <DataValidation xmlns="urn:schemas-microsoft-com:office:excel">
   <Range>R122C4:R139C4</Range>
   <Type>TextLength</Type>
   <Qualifier>LessOrEqual</Qualifier>
   <Value>200</Value>
   <InputTitle>Text</InputTitle>
   <InputMessage>Maximum Length: 200 characters.</InputMessage>
   <ErrorMessage>This value must be less than or equal to 200 characters long.</ErrorMessage>
   <ErrorTitle>Length Exceeded</ErrorTitle>
  </DataValidation>
  <DataValidation xmlns="urn:schemas-microsoft-com:office:excel">
   <Range>R120C7:R123C7,R120C5:R123C5</Range>
   <Type>TextLength</Type>
   <Qualifier>LessOrEqual</Qualifier>
   <UseBlank/>
   <Value>64</Value>
   <InputTitle>Text (required)</InputTitle>
   <InputMessage>Maximum Length: 64 characters.</InputMessage>
   <ErrorMessage>This value must be less than or equal to 64 characters long.</ErrorMessage>
   <ErrorTitle>Length Exceeded</ErrorTitle>
  </DataValidation>
  <DataValidation xmlns="urn:schemas-microsoft-com:office:excel">
   <Range>R62C9:R123C9</Range>
   <Type>TextLength</Type>
   <Qualifier>LessOrEqual</Qualifier>
   <Value>128</Value>
   <InputTitle>Text</InputTitle>
   <InputMessage>Maximum Length: 128 characters.</InputMessage>
   <ErrorMessage>This value must be less than or equal to 128 characters long.</ErrorMessage>
   <ErrorTitle>Length Exceeded</ErrorTitle>
  </DataValidation>
  <DataValidation xmlns="urn:schemas-microsoft-com:office:excel">
   <Range>R2C3:R1048576C3</Range>
   <Type>Date</Type>
   <Qualifier>GreaterOrEqual</Qualifier>
   <Value>1</Value>
   <InputTitle>Date and time</InputTitle>
   <InputMessage> </InputMessage>
   <ErrorMessage>(Do Not Modify) Modified On must be in the correct date and time format.</ErrorMessage>
   <ErrorTitle>Invalid Date</ErrorTitle>
  </DataValidation>
  <DataValidation xmlns="urn:schemas-microsoft-com:office:excel">
   <Range>R2C10:R123C10,R140C10:R1048576C10</Range>
   <InputTitle>Lookup</InputTitle>
   <InputMessage>This Company Name record must already exist in Microsoft Dynamics CRM or in this source file.</InputMessage>
   <ErrorMessage> </ErrorMessage>
  </DataValidation>
  <DataValidation xmlns="urn:schemas-microsoft-com:office:excel">
   <Range>R1C12,R125C12:R127C12,R129C12:R136C12,R139C12</Range>
   <Type>Decimal</Type>
   <Min>0</Min>
   <Max>100000000000000</Max>
   <InputTitle>Decimal number</InputTitle>
   <InputMessage>Minimum Value: 0.&#13;&#10;Maximum Value: 100000000000000.&#13;&#10;  </InputMessage>
   <ErrorMessage>Annual Revenue must be a number from 0 through 100000000000000.</ErrorMessage>
   <ErrorTitle>Value beyond range</ErrorTitle>
  </DataValidation>
  <DataValidation xmlns="urn:schemas-microsoft-com:office:excel">
   <Range>R1C13</Range>
   <Type>List</Type>
   <Value>hiddenSheet!#REF!</Value>
   <InputTitle>Option set</InputTitle>
   <InputMessage>Select a value from the drop-down list.</InputMessage>
   <ErrorMessage>Business Type must be selected from the drop-down list.</ErrorMessage>
   <ErrorTitle>List Value</ErrorTitle>
  </DataValidation>
  <DataValidation xmlns="urn:schemas-microsoft-com:office:excel">
   <Range>R125C13:R127C13,R129C13:R136C13,R139C13</Range>
   <Type>List</Type>
   <Value>hiddenSheet!#REF!</Value>
   <InputTitle>Option set</InputTitle>
   <InputMessage>Select a value from the drop-down list.</InputMessage>
   <ErrorMessage>Business Type must be selected from the drop-down list.</ErrorMessage>
   <ErrorTitle>List Value</ErrorTitle>
  </DataValidation>
 </Worksheet>
 <Worksheet ss:Name="hiddenSheet">
  <Table ss:ExpandedColumnCount="1" ss:ExpandedRowCount="1" x:FullColumns="1"
   x:FullRows="1" ss:DefaultColumnWidth="51" ss:DefaultRowHeight="14.53125">
   <Row ss:AutoFitHeight="0">
    <Cell><Data ss:Type="String">contact:FAYqQs+T3t/1K1QHxgQyp2Q91GYbekozMiF+WLuArp+50J4+R5ZvY7q1qOq3pru3Gck4lWbv7btZ2AfpJM/qgw==:contactid=%28Do%20Not%20Modify%29%20Contact&amp;checksumLogicalName=%28Do%20Not%20Modify%29%20Row%20Checksum&amp;modifiedon=%28Do%20Not%20Modify%29%20Modified%20On&amp;fullname=%20Full%20Name&amp;firstname=First%20Name&amp;middlename=Middle%20Name&amp;lastname=Last%20Name&amp;emailaddress1=Email&amp;parentcustomerid=Company%20Name&amp;telephone1=Business%20Phone</Data></Cell>
   </Row>
  </Table>
  <WorksheetOptions xmlns="urn:schemas-microsoft-com:office:excel">
   <PageSetup>
    <Header x:Margin="0.3"/>
    <Footer x:Margin="0.3"/>
    <PageMargins x:Bottom="0.75" x:Left="0.7" x:Right="0.7" x:Top="0.75"/>
   </PageSetup>
   <Unsynced/>
   <Visible>SheetVeryHidden</Visible>
   <ProtectObjects>False</ProtectObjects>
   <ProtectScenarios>False</ProtectScenarios>
  </WorksheetOptions>
 </Worksheet>
</Workbook>
