<Map Name="Bookable Resource Booking FS DM" Source="Import">
  <Description>Data map created automatically using the map settings specified during an import.</Description>
  <EntitiesPerFile>Single</EntitiesPerFile>
  <EntityMaps>
    <EntityMap TargetEntityName="bookableresourcebooking" SourceEntityName="Bookable Resource Booking" Dedupe="Ignore" ProcessCode="Process">
      <AttributeMaps>
        <AttributeMap>
          <SourceAttributeName>Booking Method</SourceAttributeName>
          <TargetAttributeName>msdyn_bookingmethod</TargetAttributeName>
          <ProcessCode>Process</ProcessCode>
          <PicklistMaps>
            <PicklistMap>
              <SourceValue>Manual</SourceValue>
              <TargetValue>690970003</TargetValue>
              <ProcessCode>Process</ProcessCode>
            </PicklistMap>
            <PicklistMap>
              <SourceValue />
              <TargetValue />
              <ProcessCode>Ignore</ProcessCode>
            </PicklistMap>
          </PicklistMaps>
        </AttributeMap>
        <AttributeMap>
          <SourceAttributeName>Latitude</SourceAttributeName>
          <TargetAttributeName>msdyn_latitude</TargetAttributeName>
          <ProcessCode>Process</ProcessCode>
        </AttributeMap>
        <AttributeMap>
          <SourceAttributeName>Work Order</SourceAttributeName>
          <TargetAttributeName>msdyn_workorder</TargetAttributeName>
          <ProcessCode>Process</ProcessCode>
          <LookupMaps>
            <LookupMap>
              <LookupType>System</LookupType>
              <LookupEntityName>msdyn_workorder</LookupEntityName>
              <LookupAttributeName>msdyn_name</LookupAttributeName>
              <ProcessCode>Process</ProcessCode>
            </LookupMap>
          </LookupMaps>
        </AttributeMap>
        <AttributeMap>
          <SourceAttributeName>Start Time</SourceAttributeName>
          <TargetAttributeName>starttime</TargetAttributeName>
          <ProcessCode>Process</ProcessCode>
        </AttributeMap>
        <AttributeMap>
          <SourceAttributeName>Estimated Travel duration</SourceAttributeName>
          <TargetAttributeName>msdyn_estimatedtravelduration</TargetAttributeName>
          <ProcessCode>Process</ProcessCode>
        </AttributeMap>
        <AttributeMap>
          <SourceAttributeName>Longitude</SourceAttributeName>
          <TargetAttributeName>msdyn_longitude</TargetAttributeName>
          <ProcessCode>Process</ProcessCode>
        </AttributeMap>
        <AttributeMap>
          <SourceAttributeName>Miles Traveled</SourceAttributeName>
          <TargetAttributeName>msdyn_milestraveled</TargetAttributeName>
          <ProcessCode>Process</ProcessCode>
        </AttributeMap>
        <AttributeMap>
          <SourceAttributeName>Status Reason</SourceAttributeName>
          <TargetAttributeName>statuscode</TargetAttributeName>
          <ProcessCode>Process</ProcessCode>
          <PicklistMaps>
            <PicklistMap>
              <SourceValue>Active</SourceValue>
              <TargetValue>1</TargetValue>
              <ProcessCode>Process</ProcessCode>
            </PicklistMap>
          </PicklistMaps>
        </AttributeMap>
        <AttributeMap>
          <SourceAttributeName>Header</SourceAttributeName>
          <TargetAttributeName>header</TargetAttributeName>
          <ProcessCode>Process</ProcessCode>
          <LookupMaps>
            <LookupMap>
              <LookupType>System</LookupType>
              <LookupEntityName>bookableresourcebookingheader</LookupEntityName>
              <LookupAttributeName>bookableresourcebookingheaderid</LookupAttributeName>
              <ProcessCode>Process</ProcessCode>
            </LookupMap>
            <LookupMap>
              <LookupType>System</LookupType>
              <LookupEntityName>bookableresourcebookingheader</LookupEntityName>
              <LookupAttributeName>name</LookupAttributeName>
              <ProcessCode>Process</ProcessCode>
            </LookupMap>
          </LookupMaps>
        </AttributeMap>
        <AttributeMap>
          <SourceAttributeName>Duration</SourceAttributeName>
          <TargetAttributeName>duration</TargetAttributeName>
          <ProcessCode>Process</ProcessCode>
        </AttributeMap>
        <AttributeMap>
          <SourceAttributeName>Estimated Arrival Time</SourceAttributeName>
          <TargetAttributeName>msdyn_estimatedarrivaltime</TargetAttributeName>
          <ProcessCode>Process</ProcessCode>
        </AttributeMap>
        <AttributeMap>
          <SourceAttributeName>Resource</SourceAttributeName>
          <TargetAttributeName>resource</TargetAttributeName>
          <ProcessCode>Process</ProcessCode>
          <LookupMaps>
            <LookupMap>
              <LookupType>System</LookupType>
              <LookupEntityName>bookableresource</LookupEntityName>
              <LookupAttributeName>name</LookupAttributeName>
              <ProcessCode>Process</ProcessCode>
            </LookupMap>
            <LookupMap>
              <LookupType>System</LookupType>
              <LookupEntityName>bookableresource</LookupEntityName>
              <LookupAttributeName>bookableresourceid</LookupAttributeName>
              <ProcessCode>Process</ProcessCode>
            </LookupMap>
          </LookupMaps>
        </AttributeMap>
        <AttributeMap>
          <SourceAttributeName>Actual Travel Duration</SourceAttributeName>
          <TargetAttributeName>msdyn_actualtravelduration</TargetAttributeName>
          <ProcessCode>Process</ProcessCode>
        </AttributeMap>
        <AttributeMap>
          <SourceAttributeName>End Time</SourceAttributeName>
          <TargetAttributeName>endtime</TargetAttributeName>
          <ProcessCode>Process</ProcessCode>
        </AttributeMap>
        <AttributeMap>
          <SourceAttributeName>Name</SourceAttributeName>
          <TargetAttributeName>name</TargetAttributeName>
          <ProcessCode>Process</ProcessCode>
        </AttributeMap>
        <AttributeMap>
          <SourceAttributeName>Actual Arrival Time</SourceAttributeName>
          <TargetAttributeName>msdyn_actualarrivaltime</TargetAttributeName>
          <ProcessCode>Process</ProcessCode>
        </AttributeMap>
        <AttributeMap>
          <SourceAttributeName>Booking Type</SourceAttributeName>
          <TargetAttributeName>bookingtype</TargetAttributeName>
          <ProcessCode>Process</ProcessCode>
          <PicklistMaps>
            <PicklistMap>
              <SourceValue />
              <TargetValue />
              <ProcessCode>Ignore</ProcessCode>
            </PicklistMap>
            <PicklistMap>
              <SourceValue>Solid</SourceValue>
              <TargetValue>1</TargetValue>
              <ProcessCode>Process</ProcessCode>
            </PicklistMap>
          </PicklistMaps>
        </AttributeMap>
        <AttributeMap>
          <SourceAttributeName>Booking Status</SourceAttributeName>
          <TargetAttributeName>bookingstatus</TargetAttributeName>
          <ProcessCode>Process</ProcessCode>
          <LookupMaps>
            <LookupMap>
              <LookupType>System</LookupType>
              <LookupEntityName>bookingstatus</LookupEntityName>
              <LookupAttributeName>bookingstatusid</LookupAttributeName>
              <ProcessCode>Process</ProcessCode>
            </LookupMap>
            <LookupMap>
              <LookupType>System</LookupType>
              <LookupEntityName>bookingstatus</LookupEntityName>
              <LookupAttributeName>name</LookupAttributeName>
              <ProcessCode>Process</ProcessCode>
            </LookupMap>
          </LookupMaps>
        </AttributeMap>
        <AttributeMap>
          <SourceAttributeName>Status</SourceAttributeName>
          <TargetAttributeName>statecode</TargetAttributeName>
          <ProcessCode>Process</ProcessCode>
          <PicklistMaps>
            <PicklistMap>
              <SourceValue>Active</SourceValue>
              <TargetValue>0</TargetValue>
              <ProcessCode>Process</ProcessCode>
            </PicklistMap>
          </PicklistMaps>
        </AttributeMap>
        <AttributeMap>
          <SourceAttributeName>Currency</SourceAttributeName>
          <TargetAttributeName>transactioncurrencyid</TargetAttributeName>
          <ProcessCode>Process</ProcessCode>
          <LookupMaps>
            <LookupMap>
              <LookupType>System</LookupType>
              <LookupEntityName>transactioncurrency</LookupEntityName>
              <LookupAttributeName>transactioncurrencyid</LookupAttributeName>
              <ProcessCode>Process</ProcessCode>
            </LookupMap>
            <LookupMap>
              <LookupType>System</LookupType>
              <LookupEntityName>transactioncurrency</LookupEntityName>
              <LookupAttributeName>currencyname</LookupAttributeName>
              <ProcessCode>Process</ProcessCode>
            </LookupMap>
          </LookupMaps>
        </AttributeMap>
      </AttributeMaps>
    </EntityMap>
  </EntityMaps>
</Map>