<Map Name="C1 Bookable Resources DM" Source="Import"><Description>Data map created automatically using the map settings specified during an import.</Description><EntitiesPerFile>Single</EntitiesPerFile><EntityMaps><EntityMap TargetEntityName="bookableresource" SourceEntityName="C1 Bookable Resources" Dedupe="Ignore" ProcessCode="Process"><AttributeMaps><AttributeMap><SourceAttributeName>User</SourceAttributeName><TargetAttributeName>userid</TargetAttributeName><ProcessCode>Process</ProcessCode><LookupMaps><LookupMap><LookupType>System</LookupType><LookupEntityName>systemuser</LookupEntityName><LookupAttributeName>fullname</LookupAttributeName><ProcessCode>Process</ProcessCode></LookupMap><LookupMap><LookupType>System</LookupType><LookupEntityName>systemuser</LookupEntityName><LookupAttributeName>systemuserid</LookupAttributeName><ProcessCode>Process</ProcessCode></LookupMap></LookupMaps></AttributeMap><AttributeMap><SourceAttributeName>Organizational Unit</SourceAttributeName><TargetAttributeName>msdyn_organizationalunit</TargetAttributeName><ProcessCode>Process</ProcessCode><LookupMaps><LookupMap><LookupType>System</LookupType><LookupEntityName>msdyn_organizationalunit</LookupEntityName><LookupAttributeName>msdyn_name</LookupAttributeName><ProcessCode>Process</ProcessCode></LookupMap><LookupMap><LookupType>System</LookupType><LookupEntityName>msdyn_organizationalunit</LookupEntityName><LookupAttributeName>msdyn_organizationalunitid</LookupAttributeName><ProcessCode>Process</ProcessCode></LookupMap></LookupMaps></AttributeMap><AttributeMap><SourceAttributeName>Account</SourceAttributeName><TargetAttributeName>accountid</TargetAttributeName><ProcessCode>Process</ProcessCode><LookupMaps><LookupMap><LookupType>System</LookupType><LookupEntityName>account</LookupEntityName><LookupAttributeName>accountid</LookupAttributeName><ProcessCode>Process</ProcessCode></LookupMap><LookupMap><LookupType>System</LookupType><LookupEntityName>account</LookupEntityName><LookupAttributeName>name</LookupAttributeName><ProcessCode>Process</ProcessCode></LookupMap></LookupMaps></AttributeMap><AttributeMap><SourceAttributeName>Display on Schedule Assistant</SourceAttributeName><TargetAttributeName>msdyn_displayonscheduleassistant</TargetAttributeName><ProcessCode>Process</ProcessCode><PicklistMaps><PicklistMap><SourceValue>Yes</SourceValue><TargetValue>1</TargetValue><ProcessCode>Process</ProcessCode></PicklistMap></PicklistMaps></AttributeMap><AttributeMap><SourceAttributeName>TimeZone</SourceAttributeName><TargetAttributeName>timezone</TargetAttributeName><ProcessCode>Process</ProcessCode></AttributeMap><AttributeMap><SourceAttributeName>Display On Schedule Board</SourceAttributeName><TargetAttributeName>msdyn_displayonscheduleboard</TargetAttributeName><ProcessCode>Process</ProcessCode><PicklistMaps><PicklistMap><SourceValue>Yes</SourceValue><TargetValue>1</TargetValue><ProcessCode>Process</ProcessCode></PicklistMap></PicklistMaps></AttributeMap><AttributeMap><SourceAttributeName>Start Location</SourceAttributeName><TargetAttributeName>msdyn_startlocation</TargetAttributeName><ProcessCode>Process</ProcessCode><PicklistMaps><PicklistMap><SourceValue>Resource Address</SourceValue><TargetValue>690970000</TargetValue><ProcessCode>Process</ProcessCode></PicklistMap></PicklistMaps></AttributeMap><AttributeMap><SourceAttributeName>Contact</SourceAttributeName><TargetAttributeName>contactid</TargetAttributeName><ProcessCode>Process</ProcessCode><LookupMaps><LookupMap><LookupType>System</LookupType><LookupEntityName>contact</LookupEntityName><LookupAttributeName>contactid</LookupAttributeName><ProcessCode>Process</ProcessCode></LookupMap><LookupMap><LookupType>System</LookupType><LookupEntityName>contact</LookupEntityName><LookupAttributeName>fullname</LookupAttributeName><ProcessCode>Process</ProcessCode></LookupMap></LookupMaps></AttributeMap><AttributeMap><SourceAttributeName>Name</SourceAttributeName><TargetAttributeName>name</TargetAttributeName><ProcessCode>Process</ProcessCode></AttributeMap><AttributeMap><SourceAttributeName>End Location</SourceAttributeName><TargetAttributeName>msdyn_endlocation</TargetAttributeName><ProcessCode>Process</ProcessCode><PicklistMaps><PicklistMap><SourceValue>Resource Address</SourceValue><TargetValue>690970000</TargetValue><ProcessCode>Process</ProcessCode></PicklistMap></PicklistMaps></AttributeMap><AttributeMap><SourceAttributeName>Resource Type</SourceAttributeName><TargetAttributeName>resourcetype</TargetAttributeName><ProcessCode>Process</ProcessCode><PicklistMaps><PicklistMap><SourceValue>Contact</SourceValue><TargetValue>2</TargetValue><ProcessCode>Process</ProcessCode></PicklistMap><PicklistMap><SourceValue>Account</SourceValue><TargetValue>5</TargetValue><ProcessCode>Process</ProcessCode></PicklistMap><PicklistMap><SourceValue>User</SourceValue><TargetValue>3</TargetValue><ProcessCode>Process</ProcessCode></PicklistMap></PicklistMaps></AttributeMap></AttributeMaps></EntityMap></EntityMaps></Map>