Name,Account,Master Asset,Product,Work Order Product,Owner,Parent Asset
Surge Protectors,Fabrikam Residences,,Surge Protectors,,,
Outdoor Wall Light Fixture,Northwind Electric Cars,,Outdoor Wall Light Fixture,,,
F-95 Security Camera,VanArsdel Ltd.,,F-95 Security Camera,,,
12 inch Security Monitor,Wide World Importers,,12 inch Security Monitor,,,
Smoke Detector,Wingtip Toys,,Smoke Detector,,,
Outdoor Motion Sensor,Woodgrove Bank,,Outdoor Motion Sensor,,,
Heating Regulator,Litware Facilities,,Heating Regulator,,,
Door Bell Chime Kit,VanArsdel Storage,,Door Bell Chime Kit,,,
365 LM Security + Receiver Board,Tailspin Toys,,365 LM Security + Receiver Board,,,
X12 MRI Machine,Contoso Hospital,,X12 MRI Machine,,,
Lithium Battery,Northwind Medical Systems,,Lithium Battery,,,
Gradient Coils,Bellows Hospital,,Gradient Coils,,,
Head Pad,Coho Diagnostic,,Head Pad,,,
Non-Ferromagnetic Stretcher,Fabrikam Health Services,,Non-Ferromagnetic Stretcher,,,
MRI Speed Handle,Lucerne Diagnostic,,MRI Speed Handle,,,
27 inch Patient Monitor,Proseware Diagnostic,,27 inch Patient Monitor,,,
Electrodes,Southridge Medical Device Corp,,Electrodes,,,
Non-magentic Prism Eye Glasses,Woodgrove Medical Systems,,Non-magentic Prism Eye Glasses,,,
Guard Rail,Trey Diagnostic,,Guard Rail,,,
Image Enhancer,Lamna Healthcare Company,,Image Enhancer,,,
Multipad Positioners,First Up Healthcare Consultants ,,Multipad Positioners,,,
Utility Table,Litware Hospital,,Utility Table,,,
