Task Type,Incident Type
Measure Energy Usage,MRI Cycle is too long
Free Estimate,MRI Cycle is too long
Promote Summer Special,MRI Cycle is too long
Collect Customer Signature,MRI Cycle is too long
Measure Energy Usage,Fan Out
Free Estimate,Fan Out
Promote Summer Special,Fan Out
Collect Customer Signature,Fan Out
Measure Energy Usage,Printer Issue
Free Estimate,Printer Issue
Promote Summer Special,Printer Issue
Collect Customer Signature,Printer Issue
Measure Energy Usage,MRI Inspection
Free Estimate,MRI Inspection
Promote Summer Special,MRI Inspection
Collect Customer Signature,MRI Inspection
Measure Energy Usage,MRI Installation
Free Estimate,MRI Installation
Promote Summer Special,MRI Installation
Collect Customer Signature,MRI Installation
Measure Energy Usage,Regulatory Inspection
Free Estimate,Regulatory Inspection
Promote Summer Special,Regulatory Inspection
Collect Customer Signature,Regulatory Inspection
Measure Energy Usage,Camera Down
Free Estimate,Camera Down
Promote Summer Special,Camera Down
Collect Customer Signature,Camera Down
Measure Energy Usage,Thermostat is broken
Free Estimate,Thermostat is broken
Promote Summer Special,Thermostat is broken
Collect Customer Signature,Thermostat is broken
