Service,Unit,Duration,Incident Type
Circuit Restoration,Primary Unit,120,MRI Cycle is too long
Install Roof Ventilator Fan Motor,Primary Unit,45,Fan Out
Min. Diagnosis Charge,Primary Unit,120,Printer Issue
MRI Sanitation,Primary Unit,60,MRI Inspection
Magnetism Measurement,Primary Unit,30,MRI Installation
Replace Standard 120V Receptacle,Primary Unit,120,Regulatory Inspection
Circuit Restoration,Primary Unit,60,Camera Down
Replace Meter Main Combo Unit,Primary Unit,45,Thermostat is broken
