Product,Unit,Quantity,Incident Type
Lithium Battery,Primary Unit,1,MRI Cycle is too long
Gradient Coils,Primary Unit,1,MRI Cycle is too long
Heating Regulator,Primary Unit,2,Fan Out
Roof Ventilator Fan Motor,Primary Unit,3,Fan Out
Lithium Battery,Primary Unit,2,Printer Issue
Gradient Coils,Primary Unit,1,Printer Issue
Lithium Battery,Primary Unit,1,MRI Inspection
Gradient Coils,Primary Unit,1,MRI Inspection
X12 MRI Machine,Primary Unit,1,MRI Installation
Lithium Battery,Primary Unit,1,MRI Installation
Surge Protectors,Primary Unit,2,Regulatory Inspection
Smoke Detector,Primary Unit,3,Regulatory Inspection
F-95 Security Camera,Primary Unit,2,Camera Down
Outdoor Motion Sensor,Primary Unit,1,Camera Down
Heating Regulator,Primary Unit,1,Thermostat is broken
Surge Protectors,Primary Unit,1,Thermostat is broken
