<Map Name="Incident Type DM" Source="Import">
  <Description>Data map created automatically using the map settings specified during an import.</Description>
  <EntitiesPerFile>Single</EntitiesPerFile>
  <EntityMaps>
    <EntityMap TargetEntityName="msdyn_incidenttype" SourceEntityName="Incident Type" Dedupe="Ignore" ProcessCode="Process"><AttributeMaps><AttributeMap><SourceAttributeName>Estimated Duration</SourceAttributeName><TargetAttributeName>msdyn_estimatedduration</TargetAttributeName><ProcessCode>Process</ProcessCode></AttributeMap><AttributeMap><SourceAttributeName>Default Work Order Type</SourceAttributeName><TargetAttributeName>msdyn_defaultworkordertype</TargetAttributeName><ProcessCode>Process</ProcessCode><LookupMaps><LookupMap><LookupType>System</LookupType><LookupEntityName>msdyn_workordertype</LookupEntityName><LookupAttributeName>msdyn_workordertypeid</LookupAttributeName><ProcessCode>Process</ProcessCode></LookupMap><LookupMap><LookupType>System</LookupType><LookupEntityName>msdyn_workordertype</LookupEntityName><LookupAttributeName>msdyn_name</LookupAttributeName><ProcessCode>Process</ProcessCode></LookupMap></LookupMaps></AttributeMap><AttributeMap><SourceAttributeName>Copy Incident Items to Agreement</SourceAttributeName><TargetAttributeName>msdyn_copyincidentitemstoagreement</TargetAttributeName><ProcessCode>Process</ProcessCode><PicklistMaps><PicklistMap><SourceValue>Yes</SourceValue><TargetValue>1</TargetValue><ProcessCode>Process</ProcessCode></PicklistMap></PicklistMaps></AttributeMap><AttributeMap><SourceAttributeName>Name</SourceAttributeName><TargetAttributeName>msdyn_name</TargetAttributeName><ProcessCode>Process</ProcessCode></AttributeMap></AttributeMaps></EntityMap>
  </EntityMaps>
</Map>