<Map Name="Inventory Adjustment Product DM" Source="Import">
  <Description>Data map created automatically using the map settings specified during an import.</Description>
  <EntitiesPerFile>Single</EntitiesPerFile>
  <EntityMaps>
    <EntityMap TargetEntityName="msdyn_inventoryadjustmentproduct" SourceEntityName="Inventory Adjustment Product" Dedupe="Ignore" ProcessCode="Process">
      <AttributeMaps>
        <AttributeMap>
          <SourceAttributeName>Quantity</SourceAttributeName>
          <TargetAttributeName>msdyn_quantity</TargetAttributeName>
          <ProcessCode>Process</ProcessCode>
        </AttributeMap>
        <AttributeMap>
          <SourceAttributeName>Unit</SourceAttributeName>
          <TargetAttributeName>msdyn_unit</TargetAttributeName>
          <ProcessCode>Process</ProcessCode>
          <LookupMaps>
            <LookupMap>
              <LookupType>System</LookupType>
              <LookupEntityName>uom</LookupEntityName>
              <LookupAttributeName>uomid</LookupAttributeName>
              <ProcessCode>Process</ProcessCode>
            </LookupMap>
            <LookupMap>
              <LookupType>System</LookupType>
              <LookupEntityName>uom</LookupEntityName>
              <LookupAttributeName>name</LookupAttributeName>
              <ProcessCode>Process</ProcessCode>
            </LookupMap>
          </LookupMaps>
        </AttributeMap>
        <AttributeMap>
          <SourceAttributeName>Product</SourceAttributeName>
          <TargetAttributeName>msdyn_product</TargetAttributeName>
          <ProcessCode>Process</ProcessCode>
          <LookupMaps>
            <LookupMap>
              <LookupType>System</LookupType>
              <LookupEntityName>product</LookupEntityName>
              <LookupAttributeName>name</LookupAttributeName>
              <ProcessCode>Process</ProcessCode>
            </LookupMap>
            <LookupMap>
              <LookupType>System</LookupType>
              <LookupEntityName>product</LookupEntityName>
              <LookupAttributeName>productid</LookupAttributeName>
              <ProcessCode>Process</ProcessCode>
            </LookupMap>
          </LookupMaps>
        </AttributeMap>
        <AttributeMap>
          <SourceAttributeName>Inventory Adjustment</SourceAttributeName>
          <TargetAttributeName>msdyn_inventoryadjustment</TargetAttributeName>
          <ProcessCode>Process</ProcessCode>
          <LookupMaps>
            <LookupMap>
              <LookupType>System</LookupType>
              <LookupEntityName>msdyn_inventoryadjustment</LookupEntityName>
              <LookupAttributeName>msdyn_name</LookupAttributeName>
              <ProcessCode>Process</ProcessCode>
            </LookupMap>
          </LookupMaps>
        </AttributeMap>
      </AttributeMaps>
    </EntityMap>
  </EntityMaps>
</Map>