<?xml version="1.0"?>
<?mso-application progid="Excel.Sheet"?>
<Workbook xmlns="urn:schemas-microsoft-com:office:spreadsheet"
 xmlns:o="urn:schemas-microsoft-com:office:office"
 xmlns:x="urn:schemas-microsoft-com:office:excel"
 xmlns:ss="urn:schemas-microsoft-com:office:spreadsheet"
 xmlns:html="http://www.w3.org/TR/REC-html40">
 <DocumentProperties xmlns="urn:schemas-microsoft-com:office:office">
  <Author>administrator</Author>
  <LastAuthor>Windows User</LastAuthor>
  <Created>2016-04-04T06:12:35Z</Created>
  <Version>15.00</Version>
 </DocumentProperties>
 <OfficeDocumentSettings xmlns="urn:schemas-microsoft-com:office:office">
  <AllowPNG/>
 </OfficeDocumentSettings>
 <ExcelWorkbook xmlns="urn:schemas-microsoft-com:office:excel">
  <WindowHeight>5685</WindowHeight>
  <WindowWidth>20160</WindowWidth>
  <WindowTopX>0</WindowTopX>
  <WindowTopY>0</WindowTopY>
  <ProtectStructure>False</ProtectStructure>
  <ProtectWindows>False</ProtectWindows>
 </ExcelWorkbook>
 <Styles>
  <Style ss:ID="Default" ss:Name="Normal">
   <Alignment ss:Vertical="Bottom"/>
   <Borders/>
   <Font ss:FontName="Calibri" x:Family="Swiss" ss:Size="11" ss:Color="#000000"/>
   <Interior/>
   <NumberFormat/>
   <Protection/>
  </Style>
  <Style ss:ID="s62">
   <NumberFormat ss:Format="@"/>
  </Style>
 </Styles>
 <Worksheet ss:Name="InventoryAdjustmentProduct">
  <Table ss:ExpandedColumnCount="7" ss:ExpandedRowCount="53" x:FullColumns="1"
   x:FullRows="1" ss:DefaultRowHeight="15">
   <Row ss:AutoFitHeight="0">
    <Cell><Data ss:Type="String">(Do Not Modify) Inventory Adjst. Product</Data></Cell>
    <Cell><Data ss:Type="String">(Do Not Modify) Row Checksum</Data></Cell>
    <Cell><Data ss:Type="String">(Do Not Modify) Modified On</Data></Cell>
    <Cell><Data ss:Type="String">Product</Data></Cell>
    <Cell><Data ss:Type="String">Unit</Data></Cell>
    <Cell><Data ss:Type="String">Inventory Adjustment</Data></Cell>
    <Cell><Data ss:Type="String">Quantity</Data></Cell>
   </Row>
   <Row ss:AutoFitHeight="0">
    <Cell ss:Index="4"><Data ss:Type="String">Surge Protectors</Data></Cell>
    <Cell><Data ss:Type="String">Primary Unit</Data></Cell>
    <Cell ss:StyleID="s62"><Data ss:Type="String">00001</Data></Cell>
    <Cell><Data ss:Type="Number">5</Data></Cell>
   </Row>
   <Row ss:AutoFitHeight="0">
    <Cell ss:Index="4"><Data ss:Type="String">Roof Ventilator Fan Motor</Data></Cell>
    <Cell><Data ss:Type="String">Primary Unit</Data></Cell>
    <Cell ss:StyleID="s62"><Data ss:Type="String">00001</Data></Cell>
    <Cell><Data ss:Type="Number">6</Data></Cell>
   </Row>
   <Row ss:AutoFitHeight="0">
    <Cell ss:Index="4"><Data ss:Type="String">Outdoor Wall Light Fixture</Data></Cell>
    <Cell><Data ss:Type="String">Primary Unit</Data></Cell>
    <Cell ss:StyleID="s62"><Data ss:Type="String">00001</Data></Cell>
    <Cell><Data ss:Type="Number">12</Data></Cell>
   </Row>
   <Row ss:AutoFitHeight="0">
    <Cell ss:Index="4"><Data ss:Type="String">F-95 Security Camera</Data></Cell>
    <Cell><Data ss:Type="String">Primary Unit</Data></Cell>
    <Cell ss:StyleID="s62"><Data ss:Type="String">00001</Data></Cell>
    <Cell><Data ss:Type="Number">13</Data></Cell>
   </Row>
   <Row ss:AutoFitHeight="0">
    <Cell ss:Index="4"><Data ss:Type="String">12 inch Security Monitor</Data></Cell>
    <Cell><Data ss:Type="String">Primary Unit</Data></Cell>
    <Cell ss:StyleID="s62"><Data ss:Type="String">00001</Data></Cell>
    <Cell><Data ss:Type="Number">14</Data></Cell>
   </Row>
   <Row ss:AutoFitHeight="0">
    <Cell ss:Index="4"><Data ss:Type="String">Smoke Detector</Data></Cell>
    <Cell><Data ss:Type="String">Primary Unit</Data></Cell>
    <Cell ss:StyleID="s62"><Data ss:Type="String">00001</Data></Cell>
    <Cell><Data ss:Type="Number">20</Data></Cell>
   </Row>
   <Row ss:AutoFitHeight="0">
    <Cell ss:Index="4"><Data ss:Type="String">Outdoor Motion Sensor</Data></Cell>
    <Cell><Data ss:Type="String">Primary Unit</Data></Cell>
    <Cell ss:StyleID="s62"><Data ss:Type="String">00001</Data></Cell>
    <Cell><Data ss:Type="Number">20</Data></Cell>
   </Row>
   <Row ss:AutoFitHeight="0">
    <Cell ss:Index="4"><Data ss:Type="String">Heating Regulator</Data></Cell>
    <Cell><Data ss:Type="String">Primary Unit</Data></Cell>
    <Cell ss:StyleID="s62"><Data ss:Type="String">00001</Data></Cell>
    <Cell><Data ss:Type="Number">23</Data></Cell>
   </Row>
   <Row ss:AutoFitHeight="0">
    <Cell ss:Index="4"><Data ss:Type="String">Travel Charge</Data></Cell>
    <Cell><Data ss:Type="String">Primary Unit</Data></Cell>
    <Cell ss:StyleID="s62"><Data ss:Type="String">00001</Data></Cell>
    <Cell><Data ss:Type="Number">24</Data></Cell>
   </Row>
   <Row ss:AutoFitHeight="0">
    <Cell ss:Index="4"><Data ss:Type="String">60 Watt Light Bulbs</Data></Cell>
    <Cell><Data ss:Type="String">Primary Unit</Data></Cell>
    <Cell ss:StyleID="s62"><Data ss:Type="String">00001</Data></Cell>
    <Cell><Data ss:Type="Number">24</Data></Cell>
   </Row>
   <Row ss:AutoFitHeight="0">
    <Cell ss:Index="4"><Data ss:Type="String">Door Bell Chime Kit</Data></Cell>
    <Cell><Data ss:Type="String">Primary Unit</Data></Cell>
    <Cell ss:StyleID="s62"><Data ss:Type="String">00001</Data></Cell>
    <Cell><Data ss:Type="Number">25</Data></Cell>
   </Row>
   <Row ss:AutoFitHeight="0">
    <Cell ss:Index="4"><Data ss:Type="String">365 LM Security + Receiver Board</Data></Cell>
    <Cell><Data ss:Type="String">Primary Unit</Data></Cell>
    <Cell ss:StyleID="s62"><Data ss:Type="String">00001</Data></Cell>
    <Cell><Data ss:Type="Number">26</Data></Cell>
   </Row>
   <Row ss:AutoFitHeight="0">
    <Cell ss:Index="4"><Data ss:Type="String">X12 MRI Machine</Data></Cell>
    <Cell><Data ss:Type="String">Primary Unit</Data></Cell>
    <Cell ss:StyleID="s62"><Data ss:Type="String">00001</Data></Cell>
    <Cell><Data ss:Type="Number">31</Data></Cell>
   </Row>
   <Row ss:AutoFitHeight="0">
    <Cell ss:Index="4"><Data ss:Type="String">Lithium Battery</Data></Cell>
    <Cell><Data ss:Type="String">Primary Unit</Data></Cell>
    <Cell ss:StyleID="s62"><Data ss:Type="String">00001</Data></Cell>
    <Cell><Data ss:Type="Number">32</Data></Cell>
   </Row>
   <Row ss:AutoFitHeight="0">
    <Cell ss:Index="4"><Data ss:Type="String">Gradient Coils</Data></Cell>
    <Cell><Data ss:Type="String">Primary Unit</Data></Cell>
    <Cell ss:StyleID="s62"><Data ss:Type="String">00001</Data></Cell>
    <Cell><Data ss:Type="Number">32</Data></Cell>
   </Row>
   <Row ss:AutoFitHeight="0">
    <Cell ss:Index="4"><Data ss:Type="String">Head Pad</Data></Cell>
    <Cell><Data ss:Type="String">Primary Unit</Data></Cell>
    <Cell ss:StyleID="s62"><Data ss:Type="String">00001</Data></Cell>
    <Cell><Data ss:Type="Number">34</Data></Cell>
   </Row>
   <Row ss:AutoFitHeight="0">
    <Cell ss:Index="4"><Data ss:Type="String">Non-Ferromagnetic Stretcher</Data></Cell>
    <Cell><Data ss:Type="String">Primary Unit</Data></Cell>
    <Cell ss:StyleID="s62"><Data ss:Type="String">00001</Data></Cell>
    <Cell><Data ss:Type="Number">34</Data></Cell>
   </Row>
   <Row ss:AutoFitHeight="0">
    <Cell ss:Index="4"><Data ss:Type="String">MRI Speed Handle</Data></Cell>
    <Cell><Data ss:Type="String">Primary Unit</Data></Cell>
    <Cell ss:StyleID="s62"><Data ss:Type="String">00001</Data></Cell>
    <Cell><Data ss:Type="Number">37</Data></Cell>
   </Row>
   <Row ss:AutoFitHeight="0">
    <Cell ss:Index="4"><Data ss:Type="String">27 inch Patient Monitor</Data></Cell>
    <Cell><Data ss:Type="String">Primary Unit</Data></Cell>
    <Cell ss:StyleID="s62"><Data ss:Type="String">00001</Data></Cell>
    <Cell><Data ss:Type="Number">37</Data></Cell>
   </Row>
   <Row ss:AutoFitHeight="0">
    <Cell ss:Index="4"><Data ss:Type="String">Electrodes</Data></Cell>
    <Cell><Data ss:Type="String">Primary Unit</Data></Cell>
    <Cell ss:StyleID="s62"><Data ss:Type="String">00001</Data></Cell>
    <Cell><Data ss:Type="Number">39</Data></Cell>
   </Row>
   <Row ss:AutoFitHeight="0">
    <Cell ss:Index="4"><Data ss:Type="String">Non-magentic Prism Eye Glasses</Data></Cell>
    <Cell><Data ss:Type="String">Primary Unit</Data></Cell>
    <Cell ss:StyleID="s62"><Data ss:Type="String">00001</Data></Cell>
    <Cell><Data ss:Type="Number">42</Data></Cell>
   </Row>
   <Row ss:AutoFitHeight="0">
    <Cell ss:Index="4"><Data ss:Type="String">Guard Rail</Data></Cell>
    <Cell><Data ss:Type="String">Primary Unit</Data></Cell>
    <Cell ss:StyleID="s62"><Data ss:Type="String">00001</Data></Cell>
    <Cell><Data ss:Type="Number">45</Data></Cell>
   </Row>
   <Row ss:AutoFitHeight="0">
    <Cell ss:Index="4"><Data ss:Type="String">Image Enhancer</Data></Cell>
    <Cell><Data ss:Type="String">Primary Unit</Data></Cell>
    <Cell ss:StyleID="s62"><Data ss:Type="String">00001</Data></Cell>
    <Cell><Data ss:Type="Number">45</Data></Cell>
   </Row>
   <Row ss:AutoFitHeight="0">
    <Cell ss:Index="4"><Data ss:Type="String">Multipad Positioners</Data></Cell>
    <Cell><Data ss:Type="String">Primary Unit</Data></Cell>
    <Cell ss:StyleID="s62"><Data ss:Type="String">00001</Data></Cell>
    <Cell><Data ss:Type="Number">46</Data></Cell>
   </Row>
   <Row ss:AutoFitHeight="0">
    <Cell ss:Index="4"><Data ss:Type="String">Utility Table</Data></Cell>
    <Cell><Data ss:Type="String">Primary Unit</Data></Cell>
    <Cell ss:StyleID="s62"><Data ss:Type="String">00001</Data></Cell>
    <Cell><Data ss:Type="Number">49</Data></Cell>
   </Row>
   <Row ss:AutoFitHeight="0">
    <Cell ss:Index="4"><Data ss:Type="String">After Hours Travel Charge</Data></Cell>
    <Cell><Data ss:Type="String">Primary Unit</Data></Cell>
    <Cell ss:StyleID="s62"><Data ss:Type="String">00001</Data></Cell>
    <Cell><Data ss:Type="Number">58</Data></Cell>
   </Row>
   <Row ss:AutoFitHeight="0">
    <Cell ss:Index="4"><Data ss:Type="String">Surge Protectors</Data></Cell>
    <Cell><Data ss:Type="String">Primary Unit</Data></Cell>
    <Cell ss:StyleID="s62"><Data ss:Type="String">00002</Data></Cell>
    <Cell><Data ss:Type="Number">217</Data></Cell>
   </Row>
   <Row ss:AutoFitHeight="0">
    <Cell ss:Index="4"><Data ss:Type="String">Roof Ventilator Fan Motor</Data></Cell>
    <Cell><Data ss:Type="String">Primary Unit</Data></Cell>
    <Cell ss:StyleID="s62"><Data ss:Type="String">00002</Data></Cell>
    <Cell><Data ss:Type="Number">217</Data></Cell>
   </Row>
   <Row ss:AutoFitHeight="0">
    <Cell ss:Index="4"><Data ss:Type="String">Outdoor Wall Light Fixture</Data></Cell>
    <Cell><Data ss:Type="String">Primary Unit</Data></Cell>
    <Cell ss:StyleID="s62"><Data ss:Type="String">00002</Data></Cell>
    <Cell><Data ss:Type="Number">218</Data></Cell>
   </Row>
   <Row ss:AutoFitHeight="0">
    <Cell ss:Index="4"><Data ss:Type="String">F-95 Security Camera</Data></Cell>
    <Cell><Data ss:Type="String">Primary Unit</Data></Cell>
    <Cell ss:StyleID="s62"><Data ss:Type="String">00002</Data></Cell>
    <Cell><Data ss:Type="Number">221</Data></Cell>
   </Row>
   <Row ss:AutoFitHeight="0">
    <Cell ss:Index="4"><Data ss:Type="String">12 inch Security Monitor</Data></Cell>
    <Cell><Data ss:Type="String">Primary Unit</Data></Cell>
    <Cell ss:StyleID="s62"><Data ss:Type="String">00002</Data></Cell>
    <Cell><Data ss:Type="Number">221</Data></Cell>
   </Row>
   <Row ss:AutoFitHeight="0">
    <Cell ss:Index="4"><Data ss:Type="String">Smoke Detector</Data></Cell>
    <Cell><Data ss:Type="String">Primary Unit</Data></Cell>
    <Cell ss:StyleID="s62"><Data ss:Type="String">00002</Data></Cell>
    <Cell><Data ss:Type="Number">221</Data></Cell>
   </Row>
   <Row ss:AutoFitHeight="0">
    <Cell ss:Index="4"><Data ss:Type="String">Outdoor Motion Sensor</Data></Cell>
    <Cell><Data ss:Type="String">Primary Unit</Data></Cell>
    <Cell ss:StyleID="s62"><Data ss:Type="String">00002</Data></Cell>
    <Cell><Data ss:Type="Number">223</Data></Cell>
   </Row>
   <Row ss:AutoFitHeight="0">
    <Cell ss:Index="4"><Data ss:Type="String">Heating Regulator</Data></Cell>
    <Cell><Data ss:Type="String">Primary Unit</Data></Cell>
    <Cell ss:StyleID="s62"><Data ss:Type="String">00002</Data></Cell>
    <Cell><Data ss:Type="Number">226</Data></Cell>
   </Row>
   <Row ss:AutoFitHeight="0">
    <Cell ss:Index="4"><Data ss:Type="String">Travel Charge</Data></Cell>
    <Cell><Data ss:Type="String">Primary Unit</Data></Cell>
    <Cell ss:StyleID="s62"><Data ss:Type="String">00002</Data></Cell>
    <Cell><Data ss:Type="Number">227</Data></Cell>
   </Row>
   <Row ss:AutoFitHeight="0">
    <Cell ss:Index="4"><Data ss:Type="String">60 Watt Light Bulbs</Data></Cell>
    <Cell><Data ss:Type="String">Primary Unit</Data></Cell>
    <Cell ss:StyleID="s62"><Data ss:Type="String">00002</Data></Cell>
    <Cell><Data ss:Type="Number">228</Data></Cell>
   </Row>
   <Row ss:AutoFitHeight="0">
    <Cell ss:Index="4"><Data ss:Type="String">Door Bell Chime Kit</Data></Cell>
    <Cell><Data ss:Type="String">Primary Unit</Data></Cell>
    <Cell ss:StyleID="s62"><Data ss:Type="String">00002</Data></Cell>
    <Cell><Data ss:Type="Number">228</Data></Cell>
   </Row>
   <Row ss:AutoFitHeight="0">
    <Cell ss:Index="4"><Data ss:Type="String">365 LM Security + Receiver Board</Data></Cell>
    <Cell><Data ss:Type="String">Primary Unit</Data></Cell>
    <Cell ss:StyleID="s62"><Data ss:Type="String">00002</Data></Cell>
    <Cell><Data ss:Type="Number">230</Data></Cell>
   </Row>
   <Row ss:AutoFitHeight="0">
    <Cell ss:Index="4"><Data ss:Type="String">X12 MRI Machine</Data></Cell>
    <Cell><Data ss:Type="String">Primary Unit</Data></Cell>
    <Cell ss:StyleID="s62"><Data ss:Type="String">00002</Data></Cell>
    <Cell><Data ss:Type="Number">234</Data></Cell>
   </Row>
   <Row ss:AutoFitHeight="0">
    <Cell ss:Index="4"><Data ss:Type="String">Lithium Battery</Data></Cell>
    <Cell><Data ss:Type="String">Primary Unit</Data></Cell>
    <Cell ss:StyleID="s62"><Data ss:Type="String">00002</Data></Cell>
    <Cell><Data ss:Type="Number">236</Data></Cell>
   </Row>
   <Row ss:AutoFitHeight="0">
    <Cell ss:Index="4"><Data ss:Type="String">Gradient Coils</Data></Cell>
    <Cell><Data ss:Type="String">Primary Unit</Data></Cell>
    <Cell ss:StyleID="s62"><Data ss:Type="String">00002</Data></Cell>
    <Cell><Data ss:Type="Number">237</Data></Cell>
   </Row>
   <Row ss:AutoFitHeight="0">
    <Cell ss:Index="4"><Data ss:Type="String">Head Pad</Data></Cell>
    <Cell><Data ss:Type="String">Primary Unit</Data></Cell>
    <Cell ss:StyleID="s62"><Data ss:Type="String">00002</Data></Cell>
    <Cell><Data ss:Type="Number">237</Data></Cell>
   </Row>
   <Row ss:AutoFitHeight="0">
    <Cell ss:Index="4"><Data ss:Type="String">Non-Ferromagnetic Stretcher</Data></Cell>
    <Cell><Data ss:Type="String">Primary Unit</Data></Cell>
    <Cell ss:StyleID="s62"><Data ss:Type="String">00002</Data></Cell>
    <Cell><Data ss:Type="Number">241</Data></Cell>
   </Row>
   <Row ss:AutoFitHeight="0">
    <Cell ss:Index="4"><Data ss:Type="String">MRI Speed Handle</Data></Cell>
    <Cell><Data ss:Type="String">Primary Unit</Data></Cell>
    <Cell ss:StyleID="s62"><Data ss:Type="String">00002</Data></Cell>
    <Cell><Data ss:Type="Number">246</Data></Cell>
   </Row>
   <Row ss:AutoFitHeight="0">
    <Cell ss:Index="4"><Data ss:Type="String">27 inch Patient Monitor</Data></Cell>
    <Cell><Data ss:Type="String">Primary Unit</Data></Cell>
    <Cell ss:StyleID="s62"><Data ss:Type="String">00002</Data></Cell>
    <Cell><Data ss:Type="Number">250</Data></Cell>
   </Row>
   <Row ss:AutoFitHeight="0">
    <Cell ss:Index="4"><Data ss:Type="String">Electrodes</Data></Cell>
    <Cell><Data ss:Type="String">Primary Unit</Data></Cell>
    <Cell ss:StyleID="s62"><Data ss:Type="String">00002</Data></Cell>
    <Cell><Data ss:Type="Number">251</Data></Cell>
   </Row>
   <Row ss:AutoFitHeight="0">
    <Cell ss:Index="4"><Data ss:Type="String">Non-magentic Prism Eye Glasses</Data></Cell>
    <Cell><Data ss:Type="String">Primary Unit</Data></Cell>
    <Cell ss:StyleID="s62"><Data ss:Type="String">00002</Data></Cell>
    <Cell><Data ss:Type="Number">253</Data></Cell>
   </Row>
   <Row ss:AutoFitHeight="0">
    <Cell ss:Index="4"><Data ss:Type="String">Guard Rail</Data></Cell>
    <Cell><Data ss:Type="String">Primary Unit</Data></Cell>
    <Cell ss:StyleID="s62"><Data ss:Type="String">00002</Data></Cell>
    <Cell><Data ss:Type="Number">253</Data></Cell>
   </Row>
   <Row ss:AutoFitHeight="0">
    <Cell ss:Index="4"><Data ss:Type="String">Image Enhancer</Data></Cell>
    <Cell><Data ss:Type="String">Primary Unit</Data></Cell>
    <Cell ss:StyleID="s62"><Data ss:Type="String">00002</Data></Cell>
    <Cell><Data ss:Type="Number">262</Data></Cell>
   </Row>
   <Row ss:AutoFitHeight="0">
    <Cell ss:Index="4"><Data ss:Type="String">Multipad Positioners</Data></Cell>
    <Cell><Data ss:Type="String">Primary Unit</Data></Cell>
    <Cell ss:StyleID="s62"><Data ss:Type="String">00002</Data></Cell>
    <Cell><Data ss:Type="Number">262</Data></Cell>
   </Row>
   <Row ss:AutoFitHeight="0">
    <Cell ss:Index="4"><Data ss:Type="String">Utility Table</Data></Cell>
    <Cell><Data ss:Type="String">Primary Unit</Data></Cell>
    <Cell ss:StyleID="s62"><Data ss:Type="String">00002</Data></Cell>
    <Cell><Data ss:Type="Number">265</Data></Cell>
   </Row>
   <Row ss:AutoFitHeight="0">
    <Cell ss:Index="4"><Data ss:Type="String">After Hours Travel Charge</Data></Cell>
    <Cell><Data ss:Type="String">Primary Unit</Data></Cell>
    <Cell ss:StyleID="s62"><Data ss:Type="String">00002</Data></Cell>
    <Cell><Data ss:Type="Number">266</Data></Cell>
   </Row>
  </Table>
  <WorksheetOptions xmlns="urn:schemas-microsoft-com:office:excel">
   <PageSetup>
    <Header x:Margin="0.3"/>
    <Footer x:Margin="0.3"/>
    <PageMargins x:Bottom="0.75" x:Left="0.7" x:Right="0.7" x:Top="0.75"/>
   </PageSetup>
   <Unsynced/>
   <Print>
    <ValidPrinterInfo/>
    <HorizontalResolution>600</HorizontalResolution>
    <VerticalResolution>600</VerticalResolution>
   </Print>
   <Selected/>
   <TopRowVisible>38</TopRowVisible>
   <Panes>
    <Pane>
     <Number>3</Number>
     <ActiveRow>27</ActiveRow>
     <ActiveCol>5</ActiveCol>
     <RangeSelection>R28C6:R53C6</RangeSelection>
    </Pane>
   </Panes>
   <ProtectObjects>False</ProtectObjects>
   <ProtectScenarios>False</ProtectScenarios>
  </WorksheetOptions>
 </Worksheet>
</Workbook>
