<Map Name="P6 skills DM" Source="Import"><Description>Data map created automatically using the map settings specified during an import.</Description><EntitiesPerFile>Single</EntitiesPerFile><EntityMaps><EntityMap TargetEntityName="characteristic" SourceEntityName="P6 Skills" Dedupe="Ignore" ProcessCode="Process"><AttributeMaps><AttributeMap><SourceAttributeName>Name</SourceAttributeName><TargetAttributeName>name</TargetAttributeName><ProcessCode>Process</ProcessCode></AttributeMap><AttributeMap><SourceAttributeName>Characteristic Type</SourceAttributeName><TargetAttributeName>characteristictype</TargetAttributeName><ProcessCode>Process</ProcessCode><PicklistMaps><PicklistMap><SourceValue>Skill</SourceValue><TargetValue>1</TargetValue><ProcessCode>Process</ProcessCode></PicklistMap></PicklistMaps></AttributeMap><AttributeMap><SourceAttributeName>Description</SourceAttributeName><TargetAttributeName>description</TargetAttributeName><ProcessCode>Process</ProcessCode></AttributeMap></AttributeMaps></EntityMap></EntityMaps></Map>