<?xml version="1.0"?>
<?mso-application progid="Excel.Sheet"?>
<Workbook xmlns="urn:schemas-microsoft-com:office:spreadsheet"
 xmlns:o="urn:schemas-microsoft-com:office:office"
 xmlns:x="urn:schemas-microsoft-com:office:excel"
 xmlns:ss="urn:schemas-microsoft-com:office:spreadsheet"
 xmlns:html="http://www.w3.org/TR/REC-html40">
 <DocumentProperties xmlns="urn:schemas-microsoft-com:office:office">
  <LastAuthor>Huy Cao</LastAuthor>
  <Created>2016-02-10T19:11:46Z</Created>
  <LastSaved>2016-02-10T19:11:35Z</LastSaved>
  <Version>15.00</Version>
 </DocumentProperties>
 <OfficeDocumentSettings xmlns="urn:schemas-microsoft-com:office:office">
  <AllowPNG/>
 </OfficeDocumentSettings>
 <ExcelWorkbook xmlns="urn:schemas-microsoft-com:office:excel">
  <SupBook>
   <Path>hiddenSheet</Path>
   <SheetName>hiddenSheet</SheetName>
  </SupBook>
  <WindowHeight>5805</WindowHeight>
  <WindowWidth>17250</WindowWidth>
  <WindowTopX>0</WindowTopX>
  <WindowTopY>0</WindowTopY>
  <ProtectStructure>False</ProtectStructure>
  <ProtectWindows>False</ProtectWindows>
 </ExcelWorkbook>
 <Styles>
  <Style ss:ID="Default" ss:Name="Normal">
   <Alignment ss:Vertical="Bottom"/>
   <Borders/>
   <Font ss:FontName="Calibri" ss:Size="11"/>
   <Interior/>
   <NumberFormat/>
   <Protection/>
  </Style>
  <Style ss:ID="s62">
   <NumberFormat ss:Format="@"/>
  </Style>
  <Style ss:ID="s63">
   <NumberFormat ss:Format="General Date"/>
  </Style>
 </Styles>
 <Worksheet ss:Name="Characteristic Advanced Fin...">
  <Table ss:ExpandedColumnCount="6" ss:ExpandedRowCount="31" x:FullColumns="1"
   x:FullRows="1" ss:DefaultRowHeight="15">
   <Column ss:Hidden="1" ss:AutoFitWidth="0"/>
   <Column ss:StyleID="s62" ss:Hidden="1" ss:AutoFitWidth="0"/>
   <Column ss:StyleID="s63" ss:Hidden="1" ss:AutoFitWidth="0"/>
   <Column ss:StyleID="s62" ss:AutoFitWidth="0" ss:Width="220.5"/>
   <Column ss:StyleID="s62" ss:AutoFitWidth="0" ss:Width="73.5" ss:Span="1"/>
   <Row ss:AutoFitHeight="0">
    <Cell><Data ss:Type="String">(Do Not Modify) Characteristic</Data></Cell>
    <Cell ss:StyleID="Default"><Data ss:Type="String">(Do Not Modify) Row Checksum</Data></Cell>
    <Cell ss:StyleID="Default"><Data ss:Type="String">(Do Not Modify) Modified On</Data></Cell>
    <Cell ss:StyleID="Default"><Data ss:Type="String">Name</Data></Cell>
    <Cell ss:StyleID="Default"><Data ss:Type="String">Characteristic Type</Data></Cell>
    <Cell ss:StyleID="Default"><Data ss:Type="String">Description</Data></Cell>
   </Row>
   <Row ss:AutoFitHeight="0">
    <Cell ss:Index="4"><Data ss:Type="String">CRM</Data></Cell>
    <Cell><Data ss:Type="String">Skill</Data></Cell>
    <Cell><Data ss:Type="String">CRM</Data></Cell>
   </Row>
   <Row ss:AutoFitHeight="0">
    <Cell ss:Index="4"><Data ss:Type="String">Project Management</Data></Cell>
    <Cell><Data ss:Type="String">Skill</Data></Cell>
    <Cell><Data ss:Type="String">Project management</Data></Cell>
   </Row>
   <Row ss:AutoFitHeight="0">
    <Cell ss:Index="4"><Data ss:Type="String">ERP</Data></Cell>
    <Cell><Data ss:Type="String">Skill</Data></Cell>
    <Cell><Data ss:Type="String">ERP</Data></Cell>
   </Row>
   <Row ss:AutoFitHeight="0">
    <Cell ss:Index="4"><Data ss:Type="String">.net</Data></Cell>
    <Cell><Data ss:Type="String">Skill</Data></Cell>
    <Cell><Data ss:Type="String">.net</Data></Cell>
   </Row>
   <Row ss:AutoFitHeight="0">
    <Cell ss:Index="4"><Data ss:Type="String">Agile Methodology</Data></Cell>
    <Cell><Data ss:Type="String">Skill</Data></Cell>
    <Cell><Data ss:Type="String">Agile methodologies</Data></Cell>
   </Row>
   <Row ss:AutoFitHeight="0">
    <Cell ss:Index="4"><Data ss:Type="String">C#</Data></Cell>
    <Cell><Data ss:Type="String">Skill</Data></Cell>
    <Cell><Data ss:Type="String">C#</Data></Cell>
   </Row>
   <Row ss:AutoFitHeight="0">
    <Cell ss:Index="4"><Data ss:Type="String">C++</Data></Cell>
    <Cell><Data ss:Type="String">Skill</Data></Cell>
    <Cell><Data ss:Type="String">C++</Data></Cell>
   </Row>
   <Row ss:AutoFitHeight="0">
    <Cell ss:Index="4"><Data ss:Type="String">CSS</Data></Cell>
    <Cell><Data ss:Type="String">Skill</Data></Cell>
    <Cell><Data ss:Type="String">CSS</Data></Cell>
   </Row>
   <Row ss:AutoFitHeight="0">
    <Cell ss:Index="4"><Data ss:Type="String">Design</Data></Cell>
    <Cell><Data ss:Type="String">Skill</Data></Cell>
    <Cell><Data ss:Type="String">Design</Data></Cell>
   </Row>
   <Row ss:AutoFitHeight="0">
    <Cell ss:Index="4"><Data ss:Type="String">Hadoop</Data></Cell>
    <Cell><Data ss:Type="String">Skill</Data></Cell>
    <Cell><Data ss:Type="String">Hadoop</Data></Cell>
   </Row>
   <Row ss:AutoFitHeight="0">
    <Cell ss:Index="4"><Data ss:Type="String">HTML</Data></Cell>
    <Cell><Data ss:Type="String">Skill</Data></Cell>
    <Cell><Data ss:Type="String">HTML</Data></Cell>
   </Row>
   <Row ss:AutoFitHeight="0">
    <Cell ss:Index="4"><Data ss:Type="String">J2EE</Data></Cell>
    <Cell><Data ss:Type="String">Skill</Data></Cell>
    <Cell><Data ss:Type="String">J2EE</Data></Cell>
   </Row>
   <Row ss:AutoFitHeight="0">
    <Cell ss:Index="4"><Data ss:Type="String">Javascript</Data></Cell>
    <Cell><Data ss:Type="String">Skill</Data></Cell>
    <Cell><Data ss:Type="String">Javascript</Data></Cell>
   </Row>
   <Row ss:AutoFitHeight="0">
    <Cell ss:Index="4"><Data ss:Type="String">BI Reporting</Data></Cell>
    <Cell><Data ss:Type="String">Skill</Data></Cell>
    <Cell><Data ss:Type="String">BI &amp; reporting</Data></Cell>
   </Row>
   <Row ss:AutoFitHeight="0">
    <Cell ss:Index="4"><Data ss:Type="String">Risk Management</Data></Cell>
    <Cell><Data ss:Type="String">Skill</Data></Cell>
    <Cell><Data ss:Type="String">Risk management</Data></Cell>
   </Row>
   <Row ss:AutoFitHeight="0">
    <Cell ss:Index="4"><Data ss:Type="String">SQL</Data></Cell>
    <Cell><Data ss:Type="String">Skill</Data></Cell>
    <Cell><Data ss:Type="String">SQL</Data></Cell>
   </Row>
   <Row ss:AutoFitHeight="0">
    <Cell ss:Index="4" ss:StyleID="Default"><Data ss:Type="String">Inventory Management</Data></Cell>
    <Cell><Data ss:Type="String">Skill</Data></Cell>
    <Cell ss:StyleID="Default"><Data ss:Type="String">Inventory systems and materials management</Data></Cell>
   </Row>
   <Row ss:AutoFitHeight="0">
    <Cell ss:Index="4" ss:StyleID="Default"><Data ss:Type="String">Accounting and Finance</Data></Cell>
    <Cell><Data ss:Type="String">Skill</Data></Cell>
    <Cell ss:StyleID="Default"><Data ss:Type="String">Accounting and finance</Data></Cell>
   </Row>
   <Row ss:AutoFitHeight="0">
    <Cell ss:Index="4" ss:StyleID="Default"><Data ss:Type="String">Budgeting</Data></Cell>
    <Cell><Data ss:Type="String">Skill</Data></Cell>
    <Cell ss:StyleID="Default"><Data ss:Type="String">Forecasting and Budgeting</Data></Cell>
   </Row>
   <Row ss:AutoFitHeight="0">
    <Cell ss:Index="4" ss:StyleID="Default"><Data ss:Type="String">Cash Flow</Data></Cell>
    <Cell><Data ss:Type="String">Skill</Data></Cell>
    <Cell ss:StyleID="Default"><Data ss:Type="String">Cash flow management</Data></Cell>
   </Row>
   <Row ss:AutoFitHeight="0">
    <Cell ss:Index="4" ss:StyleID="Default"><Data ss:Type="String">WCM</Data></Cell>
    <Cell><Data ss:Type="String">Skill</Data></Cell>
    <Cell ss:StyleID="Default"><Data ss:Type="String">Web content management</Data></Cell>
   </Row>
   <Row ss:AutoFitHeight="0">
    <Cell ss:Index="4" ss:StyleID="Default"><Data ss:Type="String">Quality Management</Data></Cell>
    <Cell><Data ss:Type="String">Skill</Data></Cell>
    <Cell ss:StyleID="Default"><Data ss:Type="String">Quality management</Data></Cell>
   </Row>
   <Row ss:AutoFitHeight="0">
    <Cell ss:Index="4" ss:StyleID="Default"><Data ss:Type="String">Production Planning</Data></Cell>
    <Cell><Data ss:Type="String">Skill</Data></Cell>
    <Cell ss:StyleID="Default"><Data ss:Type="String">Production planning</Data></Cell>
   </Row>
   <Row ss:AutoFitHeight="0">
    <Cell ss:Index="4"><Data ss:Type="String">Logistics</Data></Cell>
    <Cell><Data ss:Type="String">Skill</Data></Cell>
    <Cell><Data ss:Type="String">Logistics management</Data></Cell>
   </Row>
   <Row ss:AutoFitHeight="0">
    <Cell ss:Index="4"><Data ss:Type="String">Sales</Data></Cell>
    <Cell><Data ss:Type="String">Skill</Data></Cell>
    <Cell><Data ss:Type="String">Sales process</Data></Cell>
   </Row>
   <Row ss:AutoFitHeight="0">
    <Cell ss:Index="4" ss:StyleID="Default"><Data ss:Type="String">AR12 Certification</Data></Cell>
    <Cell><Data ss:Type="String">Skill</Data></Cell>
   </Row>
   <Row ss:AutoFitHeight="0">
    <Cell ss:Index="4" ss:StyleID="Default"><Data ss:Type="String">Building 12 Access</Data></Cell>
    <Cell><Data ss:Type="String">Skill</Data></Cell>
   </Row>
   <Row ss:AutoFitHeight="0">
    <Cell ss:Index="4" ss:StyleID="Default"><Data ss:Type="String">MRI Certification</Data></Cell>
    <Cell><Data ss:Type="String">Skill</Data></Cell>
   </Row>
   <Row ss:AutoFitHeight="0">
    <Cell ss:Index="4" ss:StyleID="Default"><Data ss:Type="String">Electrical</Data></Cell>
    <Cell><Data ss:Type="String">Skill</Data></Cell>
   </Row>
   <Row ss:AutoFitHeight="0">
    <Cell ss:Index="4" ss:StyleID="Default"><Data ss:Type="String">Controls</Data></Cell>
    <Cell><Data ss:Type="String">Skill</Data></Cell>
   </Row>
  </Table>
  <WorksheetOptions xmlns="urn:schemas-microsoft-com:office:excel">
   <PageSetup>
    <Header x:Margin="0.3"/>
    <Footer x:Margin="0.3"/>
    <PageMargins x:Bottom="0.75" x:Left="0.7" x:Right="0.7" x:Top="0.75"/>
   </PageSetup>
   <Unsynced/>
   <Selected/>
   <TopRowVisible>21</TopRowVisible>
   <LeftColumnVisible>3</LeftColumnVisible>
   <Panes>
    <Pane>
     <Number>3</Number>
     <ActiveRow>26</ActiveRow>
     <ActiveCol>3</ActiveCol>
    </Pane>
   </Panes>
   <ProtectObjects>False</ProtectObjects>
   <ProtectScenarios>False</ProtectScenarios>
  </WorksheetOptions>
  <DataValidation xmlns="urn:schemas-microsoft-com:office:excel">
   <Range>R2C3:R1048576C3</Range>
   <Type>Date</Type>
   <Qualifier>GreaterOrEqual</Qualifier>
   <Value>1</Value>
   <InputTitle>Date and time</InputTitle>
   <InputMessage> </InputMessage>
   <ErrorMessage>(Do Not Modify) Modified On must be in the correct date and time format.</ErrorMessage>
   <ErrorTitle>Invalid Date</ErrorTitle>
  </DataValidation>
  <DataValidation xmlns="urn:schemas-microsoft-com:office:excel">
   <Range>R2C4:R1048576C4</Range>
   <Type>TextLength</Type>
   <Qualifier>LessOrEqual</Qualifier>
   <UseBlank/>
   <Value>100</Value>
   <InputTitle>Text (required)</InputTitle>
   <InputMessage>Maximum Length: 100 characters.</InputMessage>
   <ErrorMessage>This value must be less than or equal to 100 characters long.</ErrorMessage>
   <ErrorTitle>Length Exceeded</ErrorTitle>
  </DataValidation>
  <DataValidation xmlns="urn:schemas-microsoft-com:office:excel">
   <Range>R32C5:R1048576C5</Range>
   <Type>List</Type>
   <UseBlank/>
   <Value>hiddenSheet!#REF!</Value>
   <InputTitle>Option set (required)</InputTitle>
   <InputMessage>Select a value from the drop-down list.</InputMessage>
   <ErrorMessage>Characteristic Type must be selected from the drop-down list.</ErrorMessage>
   <ErrorTitle>List Value</ErrorTitle>
  </DataValidation>
  <DataValidation xmlns="urn:schemas-microsoft-com:office:excel">
   <Range>R2C6:R1048576C6</Range>
   <Type>TextLength</Type>
   <Qualifier>LessOrEqual</Qualifier>
   <Value>100</Value>
   <InputTitle>Text</InputTitle>
   <InputMessage>Maximum Length: 100 characters.</InputMessage>
   <ErrorMessage>This value must be less than or equal to 100 characters long.</ErrorMessage>
   <ErrorTitle>Length Exceeded</ErrorTitle>
  </DataValidation>
  <DataValidation xmlns="urn:schemas-microsoft-com:office:excel">
   <Range>R2C5:R31C5</Range>
   <Type>List</Type>
   <UseBlank/>
   <Value>hiddenSheet!#REF!</Value>
   <InputTitle>Option set (required)</InputTitle>
   <InputMessage>Select a value from the drop-down list.</InputMessage>
   <ErrorMessage>Type must be selected from the drop-down list.</ErrorMessage>
   <ErrorTitle>List Value</ErrorTitle>
  </DataValidation>
 </Worksheet>
 <Worksheet ss:Name="hiddenSheet">
  <Table ss:ExpandedColumnCount="2" ss:ExpandedRowCount="2" x:FullColumns="1"
   x:FullRows="1" ss:DefaultRowHeight="15">
   <Row ss:AutoFitHeight="0">
    <Cell><Data ss:Type="String">characteristic:z4PhNX7vuL3xVChQ1m2AB9Yg5AULVxXcg/SpIdNs6c5H0NE8XYXysP+DGNKHfuwvY7kxvUdBeoGlODJ6+SfaPg==:characteristicid=%28Do%20Not%20Modify%29%20Characteristic&amp;checksumLogicalName=%28Do%20Not%20Modify%29%20Row%20Checksum&amp;modifiedon=%28Do%20Not%20Modify%29%20Modified%20On&amp;name=Name&amp;characteristictype=Characteristic%20Type&amp;description=Description</Data></Cell>
   </Row>
   <Row ss:AutoFitHeight="0">
    <Cell><Data ss:Type="String">Skill</Data></Cell>
    <Cell><Data ss:Type="String">Certification</Data></Cell>
   </Row>
  </Table>
  <WorksheetOptions xmlns="urn:schemas-microsoft-com:office:excel">
   <PageSetup>
    <Header x:Margin="0.3"/>
    <Footer x:Margin="0.3"/>
    <PageMargins x:Bottom="0.75" x:Left="0.7" x:Right="0.7" x:Top="0.75"/>
   </PageSetup>
   <Unsynced/>
   <ProtectObjects>False</ProtectObjects>
   <ProtectScenarios>False</ProtectScenarios>
  </WorksheetOptions>
 </Worksheet>
</Workbook>
