<Map Name="Price List DM" Source="Import">
  <Description>Data map created automatically using the map settings specified during an import.</Description>
  <EntitiesPerFile>Single</EntitiesPerFile>
  <EntityMaps>
    <EntityMap TargetEntityName="pricelevel" SourceEntityName="Price List" Dedupe="Ignore" ProcessCode="Process">
      <AttributeMaps>
        <AttributeMap>
          <SourceAttributeName>Currency</SourceAttributeName>
          <TargetAttributeName>transactioncurrencyid</TargetAttributeName>
          <ProcessCode>Process</ProcessCode>
          <LookupMaps>
            <LookupMap>
              <LookupType>System</LookupType>
              <LookupEntityName>transactioncurrency</LookupEntityName>
              <LookupAttributeName>currencyname</LookupAttributeName>
              <ProcessCode>Process</ProcessCode>
            </LookupMap>
            <LookupMap>
              <LookupType>System</LookupType>
              <LookupEntityName>transactioncurrency</LookupEntityName>
              <LookupAttributeName>transactioncurrencyid</LookupAttributeName>
              <ProcessCode>Process</ProcessCode>
            </LookupMap>
          </LookupMaps>
        </AttributeMap>
        <AttributeMap>
          <SourceAttributeName>Name</SourceAttributeName>
          <TargetAttributeName>name</TargetAttributeName>
          <ProcessCode>Process</ProcessCode>
        </AttributeMap>
      </AttributeMaps>
    </EntityMap>
  </EntityMaps>
</Map>