<Map Name="Priority DM" Source="Import">
  <Description>Data map created automatically using the map settings specified during an import.</Description>
  <EntitiesPerFile>Single</EntitiesPerFile>
  <EntityMaps>
    <EntityMap TargetEntityName="msdyn_priority" SourceEntityName="Priority" Dedupe="Ignore" ProcessCode="Process">
      <AttributeMaps>
        <AttributeMap>
          <SourceAttributeName>Name</SourceAttributeName>
          <TargetAttributeName>msdyn_name</TargetAttributeName>
          <ProcessCode>Process</ProcessCode>
        </AttributeMap>
        <AttributeMap>
          <SourceAttributeName>Priority Color</SourceAttributeName>
          <TargetAttributeName>msdyn_prioritycolor</TargetAttributeName>
          <ProcessCode>Process</ProcessCode>
        </AttributeMap>
        <AttributeMap>
          <SourceAttributeName>Level of Importance</SourceAttributeName>
          <TargetAttributeName>msdyn_levelofimportance</TargetAttributeName>
          <ProcessCode>Process</ProcessCode>
          <PicklistMaps>
            <PicklistMap>
              <SourceValue>7</SourceValue>
              <TargetValue>7</TargetValue>
              <ProcessCode>Process</ProcessCode>
            </PicklistMap>
            <PicklistMap>
              <SourceValue>3</SourceValue>
              <TargetValue>3</TargetValue>
              <ProcessCode>Process</ProcessCode>
            </PicklistMap>
            <PicklistMap>
              <SourceValue>10</SourceValue>
              <TargetValue>10</TargetValue>
              <ProcessCode>Process</ProcessCode>
            </PicklistMap>
            <PicklistMap>
              <SourceValue>5</SourceValue>
              <TargetValue>5</TargetValue>
              <ProcessCode>Process</ProcessCode>
            </PicklistMap>
          </PicklistMaps>
        </AttributeMap>
      </AttributeMaps>
    </EntityMap>
 </EntityMaps>
</Map>