<?xml version="1.0"?>
<?mso-application progid="Excel.Sheet"?>
<Workbook xmlns="urn:schemas-microsoft-com:office:spreadsheet"
 xmlns:o="urn:schemas-microsoft-com:office:office"
 xmlns:x="urn:schemas-microsoft-com:office:excel"
 xmlns:ss="urn:schemas-microsoft-com:office:spreadsheet"
 xmlns:html="http://www.w3.org/TR/REC-html40">
 <DocumentProperties xmlns="urn:schemas-microsoft-com:office:office">
  <Author>administrator</Author>
  <LastAuthor>Windows User</LastAuthor>
  <Created>2016-09-12T22:59:33Z</Created>
  <Version>15.00</Version>
 </DocumentProperties>
 <OfficeDocumentSettings xmlns="urn:schemas-microsoft-com:office:office">
  <AllowPNG/>
 </OfficeDocumentSettings>
 <ExcelWorkbook xmlns="urn:schemas-microsoft-com:office:excel">
  <WindowHeight>5805</WindowHeight>
  <WindowWidth>17235</WindowWidth>
  <WindowTopX>0</WindowTopX>
  <WindowTopY>0</WindowTopY>
  <ProtectStructure>False</ProtectStructure>
  <ProtectWindows>False</ProtectWindows>
 </ExcelWorkbook>
 <Styles>
  <Style ss:ID="Default" ss:Name="Normal">
   <Alignment ss:Vertical="Bottom"/>
   <Borders/>
   <Font ss:FontName="Calibri" x:Family="Swiss" ss:Size="11" ss:Color="#000000"/>
   <Interior/>
   <NumberFormat/>
   <Protection/>
  </Style>
 </Styles>
 <Worksheet ss:Name="Priority">
  <Table ss:ExpandedColumnCount="3" ss:ExpandedRowCount="5" x:FullColumns="1"
   x:FullRows="1" ss:DefaultRowHeight="15">
   <Row>
    <Cell><Data ss:Type="String">Name</Data></Cell>
    <Cell><Data ss:Type="String">Level of Importance</Data></Cell>
    <Cell><Data ss:Type="String">Priority Color</Data></Cell>
   </Row>
   <Row>
    <Cell><Data ss:Type="String">Low</Data></Cell>
    <Cell><Data ss:Type="Number">3</Data></Cell>
    <Cell><Data ss:Type="String">00FF00</Data></Cell>
   </Row>
   <Row>
    <Cell><Data ss:Type="String">Moderate</Data></Cell>
    <Cell><Data ss:Type="Number">5</Data></Cell>
    <Cell><Data ss:Type="String">FFFF00</Data></Cell>
   </Row>
   <Row>
    <Cell><Data ss:Type="String">Urgent</Data></Cell>
    <Cell><Data ss:Type="Number">7</Data></Cell>
    <Cell><Data ss:Type="String">FF6600</Data></Cell>
   </Row>
   <Row>
    <Cell><Data ss:Type="String">Emergency</Data></Cell>
    <Cell><Data ss:Type="Number">10</Data></Cell>
    <Cell><Data ss:Type="String">FF0000</Data></Cell>
   </Row>
  </Table>
  <WorksheetOptions xmlns="urn:schemas-microsoft-com:office:excel">
   <PageSetup>
    <Header x:Margin="0.3"/>
    <Footer x:Margin="0.3"/>
    <PageMargins x:Bottom="0.75" x:Left="0.7" x:Right="0.7" x:Top="0.75"/>
   </PageSetup>
   <Selected/>
   <ProtectObjects>False</ProtectObjects>
   <ProtectScenarios>False</ProtectScenarios>
  </WorksheetOptions>
 </Worksheet>
</Workbook>
