Product ID,Name,Default Unit,Unit Group,Decimals Supported,Taxable,Currency,Convert to Customer Asset,Current Cost,Standard Cost,Field Service Product Type,Product Type,Status,Product Structure
Install Roof Ventilator Fan Motor,Install Roof Ventilator Fan Motor,Primary Unit,Default Unit,2,No,US Dollar,Yes,588.96,348.65,Service,Sales Inventory,Active,Product
Replace Keyless Fixture Over 12 Ft,Replace Keyless Fixture Over 12 Ft,Primary Unit,Default Unit,2,No,US Dollar,Yes,597.81,134.65,Service,Sales Inventory,Active,Product
Replace Main Service Mast,Replace Main Service Mast,Primary Unit,Default Unit,2,No,US Dollar,Yes,593.88,1595.5,Service,Sales Inventory,Active,Product
Install New Smoke Detector/Carbon Monoxide Detector Set,Install New Smoke Detector/Carbon Monoxide Detector Set,Primary Unit,Default Unit,2,No,US Dollar,Yes,598.8,263.97,Service,Sales Inventory,Active,Product
Replace Meter Main Combo Unit,Replace Meter Main Combo Unit,Primary Unit,Default Unit,2,No,US Dollar,Yes,592.89,1394.58,Service,Sales Inventory,Active,Product
Replace Standard 120V Receptacle,Replace Standard 120V Receptacle,Primary Unit,Default Unit,2,No,US Dollar,Yes,573.22,,Service,Sales Inventory,Active,Product
Replace Obsolete Main Breaker,Replace Obsolete Main Breaker,Primary Unit,Default Unit,2,No,US Dollar,Yes,591.91,897.24,Service,Sales Inventory,Active,Product
Replace Weather Head,Replace Weather Head,Primary Unit,Default Unit,2,No,US Dollar,Yes,590.93,215.95,Service,Sales Inventory,Active,Product
Surge Protectors,Surge Protectors,Primary Unit,Default Unit,2,No,US Dollar,Yes,568.3,,Inventory,Sales Inventory,Active,Product
Roof Ventilator Fan Motor,Roof Ventilator Fan Motor,Primary Unit,Default Unit,2,No,US Dollar,Yes,588.96,348.65,Inventory,Sales Inventory,Active,Product
Outdoor Wall Light Fixture,Outdoor Wall Light Fixture,Primary Unit,Default Unit,2,No,US Dollar,Yes,625.36,129.95,Inventory,Sales Inventory,Active,Product
F-95 Security Camera,F-95 Security Camera,Primary Unit,Default Unit,2,No,US Dollar,Yes,731.63,197.45,Inventory,Sales Inventory,Active,Product
12 inch Security Monitor,12 inch Security Monitor,Primary Unit,Default Unit,2,No,US Dollar,Yes,728.68,1283.08,Inventory,Sales Inventory,Active,Product
Smoke Detector,Smoke Detector,Primary Unit,Default Unit,2,No,US Dollar,Yes,727.69,1043.38,Inventory,Sales Inventory,Active,Product
Outdoor Motion Sensor,Outdoor Motion Sensor,Primary Unit,Default Unit,2,No,US Dollar,Yes,726.71,328.85,Inventory,Sales Inventory,Active,Product
Heating Regulator,Heating Regulator,Primary Unit,Default Unit,2,No,US Dollar,Yes,725.72,236.45,Inventory,Sales Inventory,Active,Product
Travel Charge,Travel Charge,Primary Unit,Default Unit,2,No,US Dollar,Yes,562.39,29.95,Inventory,Sales Inventory,Active,Product
60 Watt Light Bulbs,60 Watt Light Bulbs,Primary Unit,Default Unit,2,No,US Dollar,Yes,732.61,,Inventory,Sales Inventory,Active,Product
Door Bell Chime Kit,Door Bell Chime Kit,Primary Unit,Default Unit,2,No,US Dollar,Yes,689.32,299,Inventory,Sales Inventory,Active,Product
365 LM Security + Receiver Board,365 LM Security + Receiver Board,Primary Unit,Default Unit,2,No,US Dollar,Yes,748.35,,Inventory,Sales Inventory,Active,Product
X12 MRI Machine,X12 MRI Machine,Primary Unit,Default Unit,2,No,US Dollar,Yes,426.6,100,Inventory,Sales Inventory,Active,Product
Lithium Battery,Lithium Battery,Primary Unit,Default Unit,2,No,US Dollar,Yes,426.6,100,Inventory,Sales Inventory,Active,Product
Gradient Coils,Gradient Coils,Primary Unit,Default Unit,2,No,US Dollar,Yes,426.6,463.7,Inventory,Sales Inventory,Active,Product
Head Pad,Head Pad,Primary Unit,Default Unit,2,No,US Dollar,Yes,125.35,136.25,Inventory,Sales Inventory,Active,Product
Non-Ferromagnetic Stretcher,Non-Ferromagnetic Stretcher,Primary Unit,Default Unit,2,No,US Dollar,Yes,262.73,285.58,Inventory,Sales Inventory,Active,Product
MRI Speed Handle,MRI Speed Handle,Primary Unit,Default Unit,2,No,US Dollar,Yes,185.63,201.77,Inventory,Sales Inventory,Active,Product
27 inch Patient Monitor,27 inch Patient Monitor,Primary Unit,Default Unit,2,No,US Dollar,Yes,185.63,201.77,Inventory,Sales Inventory,Active,Product
Electrodes,Electrodes,Primary Unit,Default Unit,2,No,US Dollar,Yes,229.19,249.12,Inventory,Sales Inventory,Active,Product
Non-magentic Prism Eye Glasses,Non-magentic Prism Eye Glasses,Primary Unit,Default Unit,2,No,US Dollar,Yes,271.4,295,Inventory,Sales Inventory,Active,Product
Guard Rail,Guard Rail,Primary Unit,Default Unit,2,No,US Dollar,Yes,321.68,349.65,Inventory,Sales Inventory,Active,Product
Image Enhancer,Image Enhancer,Primary Unit,Default Unit,2,No,US Dollar,Yes,543.34,590.59,Inventory,Sales Inventory,Active,Product
Multipad Positioners,Multipad Positioners,Primary Unit,Default Unit,2,No,US Dollar,Yes,176.41,191.75,Inventory,Sales Inventory,Active,Product
Utility Table,Utility Table,Primary Unit,Default Unit,2,No,US Dollar,Yes,115,125,Inventory,Sales Inventory,Active,Product
Refill MRI Helium,Refill MRI Helium,Primary Unit,Default Unit,2,No,US Dollar,Yes,139.17,151.27,Service,Sales Inventory,Active,Product
Peformance Inspection,Peformance Inspection,Primary Unit,Default Unit,2,No,US Dollar,Yes,158.7,172.5,Service,Sales Inventory,Active,Product
MRI Sanitation,MRI Sanitation,Primary Unit,Default Unit,2,No,US Dollar,Yes,128.57,139.75,Service,Sales Inventory,Active,Product
MR-15 MRI Machine,MR-15 MRI Machine,Primary Unit,Default Unit,2,No,US Dollar,Yes,699.16,125,Service,Sales Inventory,Active,Product
Magnetism Measurement,Magnetism Measurement,Primary Unit,Default Unit,2,No,US Dollar,Yes,639.14,139.65,Service,Sales Inventory,Active,Product
Evaluate MRI Stretchers,Evaluate MRI Stretchers,Primary Unit,Default Unit,2,No,US Dollar,Yes,630.28,995,Service,Sales Inventory,Active,Product
Replace Slide Locks,Replace Slide Locks,Primary Unit,Default Unit,2,No,US Dollar,Yes,609.62,65.95,Service,Sales Inventory,Active,Product
Circuit Restoration,Circuit Restoration,Primary Unit,Default Unit,2,No,US Dollar,Yes,607.65,139.65,Service,Sales Inventory,Active,Product
Min. Diagnosis Charge,Min. Diagnosis Charge,Primary Unit,Default Unit,2,No,US Dollar,Yes,599.78,113.5,Service,Sales Inventory,Active,Product
After Hours Travel Charge,After Hours Travel Charge,Primary Unit,Default Unit,2,No,US Dollar,Yes,709,89,Inventory,Sales Inventory,Active,Product
