<Map Name="Rating Model DM" Source="Import"><Description>Data map created automatically using the map settings specified during an import.</Description><EntitiesPerFile>Single</EntitiesPerFile><EntityMaps><EntityMap TargetEntityName="ratingmodel" SourceEntityName="Rating Model" Dedupe="Ignore" ProcessCode="Process"><AttributeMaps><AttributeMap><SourceAttributeName>Min Rating Value</SourceAttributeName><TargetAttributeName>minratingvalue</TargetAttributeName><ProcessCode>Process</ProcessCode></AttributeMap><AttributeMap><SourceAttributeName>Name</SourceAttributeName><TargetAttributeName>name</TargetAttributeName><ProcessCode>Process</ProcessCode></AttributeMap><AttributeMap><SourceAttributeName>Created On</SourceAttributeName><TargetAttributeName>overriddencreatedon</TargetAttributeName><ProcessCode>Process</ProcessCode></AttributeMap><AttributeMap><SourceAttributeName>Max Rating Value</SourceAttributeName><TargetAttributeName>maxratingvalue</TargetAttributeName><ProcessCode>Process</ProcessCode></AttributeMap></AttributeMaps></EntityMap></EntityMaps></Map>