<?xml version="1.0"?>
<?mso-application progid="Excel.Sheet"?>
<Workbook xmlns="urn:schemas-microsoft-com:office:spreadsheet"
 xmlns:o="urn:schemas-microsoft-com:office:office"
 xmlns:x="urn:schemas-microsoft-com:office:excel"
 xmlns:ss="urn:schemas-microsoft-com:office:spreadsheet"
 xmlns:html="http://www.w3.org/TR/REC-html40">
 <DocumentProperties xmlns="urn:schemas-microsoft-com:office:office">
  <Author>administrator</Author>
  <LastAuthor>Windows User</LastAuthor>
  <Created>2016-08-28T08:42:08Z</Created>
  <Version>15.00</Version>
 </DocumentProperties>
 <OfficeDocumentSettings xmlns="urn:schemas-microsoft-com:office:office">
  <AllowPNG/>
 </OfficeDocumentSettings>
 <ExcelWorkbook xmlns="urn:schemas-microsoft-com:office:excel">
  <SupBook>
   <Path>hiddenSheet</Path>
   <SheetName>hiddenSheet</SheetName>
  </SupBook>
  <WindowHeight>9315</WindowHeight>
  <WindowWidth>23040</WindowWidth>
  <WindowTopX>0</WindowTopX>
  <WindowTopY>0</WindowTopY>
  <ProtectStructure>False</ProtectStructure>
  <ProtectWindows>False</ProtectWindows>
 </ExcelWorkbook>
 <Styles>
  <Style ss:ID="Default" ss:Name="Normal">
   <Alignment ss:Vertical="Bottom"/>
   <Borders/>
   <Font ss:FontName="Calibri" ss:Size="11"/>
   <Interior/>
   <NumberFormat/>
   <Protection/>
  </Style>
  <Style ss:ID="s62">
   <NumberFormat ss:Format="@"/>
  </Style>
  <Style ss:ID="s63">
   <NumberFormat ss:Format="General Date"/>
  </Style>
  <Style ss:ID="s64">
   <NumberFormat ss:Format="0"/>
  </Style>
  <Style ss:ID="s65">
   <Font ss:FontName="Calibri" ss:Size="11" ss:Color="#FFFFFF" ss:Bold="1"/>
   <Interior ss:Color="#5B9BD5" ss:Pattern="Solid"/>
  </Style>
 </Styles>
 <Worksheet ss:Name="Rating Value Advanced Find View">
  <Names>
   <NamedRange ss:Name="Query_from_Microsoft_CRM"
    ss:RefersTo="='Rating Value Advanced Find View'!R1C1:R4C7"/>
  </Names>
  <Table ss:ExpandedColumnCount="7" ss:ExpandedRowCount="4" x:FullColumns="1"
   x:FullRows="1" ss:DefaultRowHeight="15">
   <Column ss:Hidden="1" ss:AutoFitWidth="0"/>
   <Column ss:StyleID="s62" ss:Hidden="1" ss:AutoFitWidth="0"/>
   <Column ss:StyleID="s63" ss:Hidden="1" ss:AutoFitWidth="0"/>
   <Column ss:StyleID="s62" ss:AutoFitWidth="0" ss:Width="110.25"/>
   <Column ss:StyleID="s64" ss:AutoFitWidth="0" ss:Width="73.5"/>
   <Column ss:StyleID="s62" ss:AutoFitWidth="0" ss:Width="89.25"/>
   <Column ss:StyleID="s63" ss:AutoFitWidth="0" ss:Width="89.25"/>
   <Row ss:AutoFitHeight="0">
    <Cell ss:StyleID="s65"><Data ss:Type="String">(Do Not Modify) Rating Value</Data><NamedCell
      ss:Name="Query_from_Microsoft_CRM"/></Cell>
    <Cell ss:StyleID="s65"><Data ss:Type="String">(Do Not Modify) Row Checksum</Data><NamedCell
      ss:Name="Query_from_Microsoft_CRM"/></Cell>
    <Cell ss:StyleID="s65"><Data ss:Type="String">(Do Not Modify) Modified On</Data><NamedCell
      ss:Name="Query_from_Microsoft_CRM"/></Cell>
    <Cell ss:StyleID="s65"><Data ss:Type="String">Name</Data><NamedCell
      ss:Name="Query_from_Microsoft_CRM"/></Cell>
    <Cell ss:StyleID="s65"><Data ss:Type="String">Value</Data><NamedCell
      ss:Name="Query_from_Microsoft_CRM"/></Cell>
    <Cell ss:StyleID="s65"><Data ss:Type="String">Rating Model</Data><NamedCell
      ss:Name="Query_from_Microsoft_CRM"/></Cell>
    <Cell ss:StyleID="s65"><Data ss:Type="String">Created On</Data><NamedCell
      ss:Name="Query_from_Microsoft_CRM"/></Cell>
   </Row>
   <Row ss:AutoFitHeight="0">
    <Cell><Data ss:Type="String">fcb05c93-291e-e611-80dd-5065f38afa51</Data><NamedCell
      ss:Name="Query_from_Microsoft_CRM"/></Cell>
    <Cell><Data ss:Type="String">T9LfNBRdu6OumcqcpX1a1RWbd9itQPNPEOIxNwfjlE6pcmyABIsCstMm1IqKH77nhcKm2KK87wtHvuiw5VMBWA==</Data><NamedCell
      ss:Name="Query_from_Microsoft_CRM"/></Cell>
    <Cell><Data ss:Type="DateTime">2016-05-19T18:24:21.000</Data><NamedCell
      ss:Name="Query_from_Microsoft_CRM"/></Cell>
    <Cell><Data ss:Type="String">Familiar</Data><NamedCell
      ss:Name="Query_from_Microsoft_CRM"/></Cell>
    <Cell><Data ss:Type="Number">1</Data><NamedCell
      ss:Name="Query_from_Microsoft_CRM"/></Cell>
    <Cell><Data ss:Type="String">Default Rating Model</Data><NamedCell
      ss:Name="Query_from_Microsoft_CRM"/></Cell>
    <Cell><Data ss:Type="DateTime">2016-05-19T18:24:21.000</Data><NamedCell
      ss:Name="Query_from_Microsoft_CRM"/></Cell>
   </Row>
   <Row ss:AutoFitHeight="0">
    <Cell><Data ss:Type="String">fdb05c93-291e-e611-80dd-5065f38afa51</Data><NamedCell
      ss:Name="Query_from_Microsoft_CRM"/></Cell>
    <Cell><Data ss:Type="String">EVbBV6MYP78TkTUxa2tpfPT1/CEsHo3RczTMy3OWtzChS+Gj/PkYmOweTbfk+lJy9aCs/Zg9N4wEPZHiqXLF7w==</Data><NamedCell
      ss:Name="Query_from_Microsoft_CRM"/></Cell>
    <Cell><Data ss:Type="DateTime">2016-05-19T18:24:21.000</Data><NamedCell
      ss:Name="Query_from_Microsoft_CRM"/></Cell>
    <Cell><Data ss:Type="String">Good</Data><NamedCell
      ss:Name="Query_from_Microsoft_CRM"/></Cell>
    <Cell><Data ss:Type="Number">2</Data><NamedCell
      ss:Name="Query_from_Microsoft_CRM"/></Cell>
    <Cell><Data ss:Type="String">Default Rating Model</Data><NamedCell
      ss:Name="Query_from_Microsoft_CRM"/></Cell>
    <Cell><Data ss:Type="DateTime">2016-05-19T18:24:21.000</Data><NamedCell
      ss:Name="Query_from_Microsoft_CRM"/></Cell>
   </Row>
   <Row ss:AutoFitHeight="0">
    <Cell><Data ss:Type="String">feb05c93-291e-e611-80dd-5065f38afa51</Data><NamedCell
      ss:Name="Query_from_Microsoft_CRM"/></Cell>
    <Cell><Data ss:Type="String">iUjK+DfMWSOTw1Fn/kFC1o5PnuLddbzFLwz0xETv2f+5afUkbYZDHfjYxR15HlNVokQG5YAGX5/7f3mrg+5SFg==</Data><NamedCell
      ss:Name="Query_from_Microsoft_CRM"/></Cell>
    <Cell><Data ss:Type="DateTime">2016-05-19T18:24:21.000</Data><NamedCell
      ss:Name="Query_from_Microsoft_CRM"/></Cell>
    <Cell><Data ss:Type="String">Proficient</Data><NamedCell
      ss:Name="Query_from_Microsoft_CRM"/></Cell>
    <Cell><Data ss:Type="Number">3</Data><NamedCell
      ss:Name="Query_from_Microsoft_CRM"/></Cell>
    <Cell><Data ss:Type="String">Default Rating Model</Data><NamedCell
      ss:Name="Query_from_Microsoft_CRM"/></Cell>
    <Cell><Data ss:Type="DateTime">2016-05-19T18:24:21.000</Data><NamedCell
      ss:Name="Query_from_Microsoft_CRM"/></Cell>
   </Row>
  </Table>
  <WorksheetOptions xmlns="urn:schemas-microsoft-com:office:excel">
   <PageSetup>
    <Header x:Margin="0.3"/>
    <Footer x:Margin="0.3"/>
    <PageMargins x:Bottom="0.75" x:Left="0.7" x:Right="0.7" x:Top="0.75"/>
   </PageSetup>
   <Unsynced/>
   <Selected/>
   <LeftColumnVisible>3</LeftColumnVisible>
   <Panes>
    <Pane>
     <Number>3</Number>
     <ActiveRow>9</ActiveRow>
     <ActiveCol>10</ActiveCol>
    </Pane>
   </Panes>
   <ProtectObjects>False</ProtectObjects>
   <ProtectScenarios>False</ProtectScenarios>
  </WorksheetOptions>
  <QueryTable xmlns="urn:schemas-microsoft-com:office:excel">
   <NoTitles/>
   <NoAutoFit/>
   <OverwriteCells/>
   <Name>Query from Microsoft CRM</Name>
   <QuerySource>
    <QueryType>Web</QueryType>
    <EnableRedirections/>
    <RefreshedInXl9/>
    <EntirePage/>
    <HTMLFormat>All</HTMLFormat>
    <URLString
     x:HRef="https://psademorupa.crm.dynamics.com/_grid/print/print_data.aspx?tweener=1"/>
    <WebPostString>exportType=dynamicXlsx&amp;gridXml=%3cgrid%3e%3csortColumns%3ename%3a1%3c%2fsortColumns%3e%3cpageNum%3e1%3c%2fpageNum%3e%3crecsPerPage%3e50%3c%2frecsPerPage%3e%3cdataProvider%3eMicrosoft.Crm.Application.Platform.Grid.GridDataProviderQ</WebPostString>
    <WebPostString>ueryBuilder%3c%2fdataProvider%3e%3cuiProvider%3eMicrosoft.Crm.Application.Controls.GridUIProvider%3c%2fuiProvider%3e%3ccols%20%2f%3e%3cmax%3e-1%3c%2fmax%3e%3crefreshAsync%3eTrue%3c%2frefreshAsync%3e%3cpagingCookie%20%2f%3e%3cenabl</WebPostString>
    <WebPostString>eMultiSort%3etrue%3c%2fenableMultiSort%3e%3cenablePagingWhenOnePage%3etrue%3c%2fenablePagingWhenOnePage%3e%3crefreshCalledFromRefreshButton%3e1%3c%2frefreshCalledFromRefreshButton%3e%3ctotalrecordcount%3e3%3c%2ftotalrecordcount%3e</WebPostString>
    <WebPostString>%3callrecordscounted%3etrue%3c%2fallrecordscounted%3e%3creturntotalrecordcount%3etrue%3c%2freturntotalrecordcount%3e%3cgetParameters%3e%3c%2fgetParameters%3e%3cparameters%3e%3cautorefresh%3e1%3c%2fautorefresh%3e%3cisGridHidden%3ef</WebPostString>
    <WebPostString>alse%3c%2fisGridHidden%3e%3csubgridAutoExpand%3e0%3c%2fsubgridAutoExpand%3e%3cfixedsizerows%3e0%3c%2ffixedsizerows%3e%3ctabindex%3e0%3c%2ftabindex%3e%3cenablesingleclick%3e0%3c%2fenablesingleclick%3e%3cisGridFilteringEnabled%3e0%3</WebPostString>
    <WebPostString>c%2fisGridFilteringEnabled%3e%3crefreshasynchronous%3e1%3c%2frefreshasynchronous%3e%3cdisableDblClick%3e0%3c%2fdisableDblClick%3e%3cviewid%3e%7b99D28D4F-82DB-44C6-B6F7-7A667A0C9AB3%7d%3c%2fviewid%3e%3cviewtype%3e1039%3c%2fviewtype</WebPostString>
    <WebPostString>%3e%3cRecordsPerPage%3e50%3c%2fRecordsPerPage%3e%3cviewTitle%3eRating%20Value%20Advanced%20Find%20View%3c%2fviewTitle%3e%3clayoutXml%3e%26lt%3bgrid%20name%3d%22resultset%22%20object%3d%221142%22%20jump%3d%22name%22%20select%3d%221</WebPostString>
    <WebPostString>%22%20icon%3d%221%22%20preview%3d%221%22%26gt%3b%26lt%3brow%20name%3d%22result%22%20id%3d%22ratingvalueid%22%26gt%3b%26lt%3bcell%20name%3d%22name%22%20width%3d%22150%22%2f%26gt%3b%26lt%3bcell%20name%3d%22value%22%20width%3d%22100%</WebPostString>
    <WebPostString>22%2f%26gt%3b%26lt%3bcell%20name%3d%22ratingmodel%22%20width%3d%22125%22%2f%26gt%3b%26lt%3bcell%20name%3d%22createdon%22%20width%3d%22125%22%2f%26gt%3b%26lt%3bcell%20name%3d%22msdyn_isdefault%22%20width%3d%22100%22%2f%26gt%3b%26lt</WebPostString>
    <WebPostString>%3b%2frow%26gt%3b%26lt%3b%2fgrid%26gt%3b%3c%2flayoutXml%3e%3cotc%3e1142%3c%2fotc%3e%3cotn%3eratingvalue%3c%2fotn%3e%3centitydisplayname%3eRating%20Value%3c%2fentitydisplayname%3e%3ctitleformat%3e%7b0%7d%20%7b1%7d%3c%2ftitleformat%</WebPostString>
    <WebPostString>3e%3centitypluraldisplayname%3eRating%20Values%3c%2fentitypluraldisplayname%3e%3csuppressfetch%3e0%3c%2fsuppressfetch%3e%3cshowjumpbar%3e0%3c%2fshowjumpbar%3e%3cfetchXml%3e%26lt%3bfetch%20version%3d%221.0%22%20output-format%3d%22x</WebPostString>
    <WebPostString>ml-platform%22%20mapping%3d%22logical%22%20distinct%3d%22false%22%26gt%3b%26lt%3bentity%20name%3d%22ratingvalue%22%26gt%3b%26lt%3battribute%20name%3d%22name%22%2f%26gt%3b%26lt%3battribute%20name%3d%22createdon%22%2f%26gt%3b%26lt%3</WebPostString>
    <WebPostString>battribute%20name%3d%22value%22%2f%26gt%3b%26lt%3battribute%20name%3d%22ratingmodel%22%2f%26gt%3b%26lt%3battribute%20name%3d%22ratingvalueid%22%2f%26gt%3b%26lt%3battribute%20name%3d%22msdyn_isdefault%22%2f%26gt%3b%26lt%3border%20a</WebPostString>
    <WebPostString>ttribute%3d%22name%22%20descending%3d%22false%22%2f%26gt%3b%26lt%3b%2fentity%26gt%3b%26lt%3b%2ffetch%26gt%3b%3c%2ffetchXml%3e%3crelationshipType%3e0%3c%2frelationshipType%3e%3cribbonContext%3eSubGridStandard%3c%2fribbonContext%3e%</WebPostString>
    <WebPostString>3cmaxrowsbeforescroll%3e-1%3c%2fmaxrowsbeforescroll%3e%3cGridType%3eSubGrid%3c%2fGridType%3e%3cisWorkflowSupported%3etrue%3c%2fisWorkflowSupported%3e%3cfetchXmlForFilters%3e%26lt%3bfetch%20version%3d%221.0%22%20mapping%3d%22logica</WebPostString>
    <WebPostString>l%22%26gt%3b%26lt%3bentity%20name%3d%22ratingvalue%22%26gt%3b%26lt%3battribute%20name%3d%22name%22%20%2f%26gt%3b%26lt%3battribute%20name%3d%22createdon%22%20%2f%26gt%3b%26lt%3border%20attribute%3d%22name%22%20descending%3d%22false</WebPostString>
    <WebPostString>%22%20%2f%26gt%3b%26lt%3battribute%20name%3d%22value%22%20%2f%26gt%3b%26lt%3battribute%20name%3d%22ratingmodel%22%20%2f%26gt%3b%26lt%3battribute%20name%3d%22ratingvalueid%22%20%2f%26gt%3b%26lt%3b%2fentity%26gt%3b%26lt%3b%2ffetch%2</WebPostString>
    <WebPostString>6gt%3b%3c%2ffetchXmlForFilters%3e%3cisFetchXmlNotFinal%3eFalse%3c%2fisFetchXmlNotFinal%3e%3ceffectiveFetchXml%3e%26lt%3bfetch%20distinct%3d%22false%22%20no-lock%3d%22false%22%20mapping%3d%22logical%22%20page%3d%221%22%20count%3d%2</WebPostString>
    <WebPostString>250%22%20returntotalrecordcount%3d%22true%22%26gt%3b%26lt%3bentity%20name%3d%22ratingvalue%22%26gt%3b%26lt%3battribute%20name%3d%22name%22%20%2f%26gt%3b%26lt%3battribute%20name%3d%22createdon%22%20%2f%26gt%3b%26lt%3battribute%20na</WebPostString>
    <WebPostString>me%3d%22value%22%20%2f%26gt%3b%26lt%3battribute%20name%3d%22ratingmodel%22%20%2f%26gt%3b%26lt%3battribute%20name%3d%22ratingvalueid%22%20%2f%26gt%3b%26lt%3battribute%20name%3d%22msdyn_isdefault%22%20%2f%26gt%3b%26lt%3battribute%20</WebPostString>
    <WebPostString>name%3d%22name%22%20%2f%26gt%3b%26lt%3battribute%20name%3d%22value%22%20%2f%26gt%3b%26lt%3battribute%20name%3d%22ratingmodel%22%20%2f%26gt%3b%26lt%3battribute%20name%3d%22createdon%22%20%2f%26gt%3b%26lt%3battribute%20name%3d%22msd</WebPostString>
    <WebPostString>yn_isdefault%22%20%2f%26gt%3b%26lt%3border%20attribute%3d%22name%22%20descending%3d%22false%22%20%2f%26gt%3b%26lt%3b%2fentity%26gt%3b%26lt%3b%2ffetch%26gt%3b%3c%2feffectiveFetchXml%3e%3cLayoutStyle%3eGridList%3c%2fLayoutStyle%3e%3</WebPostString>
    <WebPostString>cenableFilters%3e1%3c%2fenableFilters%3e%3cisTurboForm%3e0%3c%2fisTurboForm%3e%3c%2fparameters%3e%3ccolumns%3e%3ccolumn%20width%3d%22150%22%20isHidden%3d%22false%22%20isMetadataBound%3d%22true%22%20isSortable%3d%22true%22%20label%</WebPostString>
    <WebPostString>3d%22Name%22%20fieldname%3d%22name%22%20entityname%3d%22ratingvalue%22%20renderertype%3d%22Crm.PrimaryField%22%3ename%3c%2fcolumn%3e%3ccolumn%20width%3d%22100%22%20isHidden%3d%22false%22%20isMetadataBound%3d%22true%22%20isSortable</WebPostString>
    <WebPostString>%3d%22true%22%20label%3d%22Value%22%20fieldname%3d%22value%22%20entityname%3d%22ratingvalue%22%20renderertype%3d%22int%22%3evalue%3c%2fcolumn%3e%3ccolumn%20width%3d%22125%22%20isHidden%3d%22false%22%20isMetadataBound%3d%22true%22%</WebPostString>
    <WebPostString>20isSortable%3d%22true%22%20label%3d%22Rating%20Model%22%20fieldname%3d%22ratingmodel%22%20entityname%3d%22ratingvalue%22%20renderertype%3d%22lookup%22%3eratingmodel%3c%2fcolumn%3e%3ccolumn%20width%3d%22125%22%20isHidden%3d%22fals</WebPostString>
    <WebPostString>e%22%20isMetadataBound%3d%22true%22%20isSortable%3d%22true%22%20label%3d%22Created%20On%22%20fieldname%3d%22createdon%22%20entityname%3d%22ratingvalue%22%20renderertype%3d%22datetime%22%3ecreatedon%3c%2fcolumn%3e%3ccolumn%20width%</WebPostString>
    <WebPostString>3d%22100%22%20isHidden%3d%22false%22%20isMetadataBound%3d%22true%22%20isSortable%3d%22true%22%20label%3d%22Is%20Default%22%20fieldname%3d%22msdyn_isdefault%22%20entityname%3d%22ratingvalue%22%20renderertype%3d%22bit%22%3emsdyn_isd</WebPostString>
    <WebPostString>efault%3c%2fcolumn%3e%3c%2fcolumns%3e%3c%2fgrid%3e&amp;fetchXml=%3cfetch%20version%3d%221.0%22%20output-format%3d%22xml-platform%22%20mapping%3d%22logical%22%20distinct%3d%22false%22%3e%3centity%20name%3d%22ratingvalue%22%3e%3cattribu</WebPostString>
    <WebPostString>te%20name%3d%22name%22%2f%3e%3cattribute%20name%3d%22createdon%22%2f%3e%3cattribute%20name%3d%22value%22%2f%3e%3cattribute%20name%3d%22ratingmodel%22%2f%3e%3cattribute%20name%3d%22ratingvalueid%22%2f%3e%3cattribute%20name%3d%22msd</WebPostString>
    <WebPostString>yn_isdefault%22%2f%3e%3corder%20attribute%3d%22name%22%20descending%3d%22false%22%2f%3e%3c%2fentity%3e%3c%2ffetch%3e&amp;layoutXml=%3cgrid%20name%3d%22excelGrid%22%20select%3d%220%22%20icon%3d%220%22%20preview%3d%220%22%3e%3crow%20nam</WebPostString>
    <WebPostString>e%3d%22result%22%20id%3d%22ratingvalueid%22%3e%3ccell%20name%3d%22name%22%20width%3d%22150%22%2f%3e%3ccell%20name%3d%22value%22%20width%3d%22100%22%2f%3e%3ccell%20name%3d%22ratingmodel%22%20width%3d%22125%22%2f%3e%3ccell%20name%3d</WebPostString>
    <WebPostString>%22createdon%22%20width%3d%22125%22%2f%3e%3ccell%20name%3d%22msdyn_isdefault%22%20width%3d%22100%22%2f%3e%3c%2frow%3e%3c%2fgrid%3e&amp;printAllPages=1</WebPostString>
    <VersionLastEdit>2</VersionLastEdit>
    <VersionLastRefresh>2</VersionLastRefresh>
   </QuerySource>
  </QueryTable>
  <DataValidation xmlns="urn:schemas-microsoft-com:office:excel">
   <Range>R2C3:R1048576C3</Range>
   <Type>Date</Type>
   <Qualifier>GreaterOrEqual</Qualifier>
   <Value>1</Value>
   <InputTitle>Date and time</InputTitle>
   <InputMessage> </InputMessage>
   <ErrorMessage>(Do Not Modify) Modified On must be in the correct date and time format.</ErrorMessage>
   <ErrorTitle>Invalid Date</ErrorTitle>
  </DataValidation>
  <DataValidation xmlns="urn:schemas-microsoft-com:office:excel">
   <Range>R2C4:R1048576C4</Range>
   <Type>TextLength</Type>
   <Qualifier>LessOrEqual</Qualifier>
   <UseBlank/>
   <Value>100</Value>
   <InputTitle>Text (required)</InputTitle>
   <InputMessage>Maximum Length: 100 characters.</InputMessage>
   <ErrorMessage>This value must be less than or equal to 100 characters long.</ErrorMessage>
   <ErrorTitle>Length Exceeded</ErrorTitle>
  </DataValidation>
  <DataValidation xmlns="urn:schemas-microsoft-com:office:excel">
   <Range>R2C5:R1048576C5</Range>
   <Type>Decimal</Type>
   <UseBlank/>
   <Min>-200</Min>
   <Max>200</Max>
   <InputTitle>Whole number (required)</InputTitle>
   <InputMessage>Minimum Value: -200.&#13;&#10;Maximum Value: 200.&#13;&#10;  </InputMessage>
   <ErrorMessage>Value must be a whole number from -200 through 200.</ErrorMessage>
   <ErrorTitle>Value beyond range</ErrorTitle>
  </DataValidation>
  <DataValidation xmlns="urn:schemas-microsoft-com:office:excel">
   <Range>R2C6:R1048576C6</Range>
   <UseBlank/>
   <InputTitle>Lookup (required)</InputTitle>
   <InputMessage>This Rating Model record must already exist in Microsoft Dynamics CRM or in this source file.</InputMessage>
   <ErrorMessage> </ErrorMessage>
  </DataValidation>
  <DataValidation xmlns="urn:schemas-microsoft-com:office:excel">
   <Range>R2C7:R1048576C7</Range>
   <Type>Date</Type>
   <Qualifier>GreaterOrEqual</Qualifier>
   <Value>1</Value>
   <InputTitle>Date and time</InputTitle>
   <InputMessage> </InputMessage>
   <ErrorMessage>Created On must be in the correct date and time format.</ErrorMessage>
   <ErrorTitle>Invalid Date</ErrorTitle>
  </DataValidation>
 </Worksheet>
 <Worksheet ss:Name="hiddenSheet">
  <Table ss:ExpandedColumnCount="2" ss:ExpandedRowCount="2" x:FullColumns="1"
   x:FullRows="1" ss:DefaultRowHeight="15">
   <Row ss:AutoFitHeight="0">
    <Cell><Data ss:Type="String">ratingvalue:f6kvCRXovLc2CqIG/Lkv2M3GRWbzwFq5hF8jUXchbb/FgfpdnzHnK8cSu1ElRmMB8r82hzRGATfzgJgWEYKlOw==:ratingvalueid=%28Do%20Not%20Modify%29%20Rating%20Value&amp;checksumLogicalName=%28Do%20Not%20Modify%29%20Row%20Checksum&amp;modifiedon=%28Do%20Not%20Modify%29%20Modified%20On&amp;name=Name&amp;value=Value&amp;ratingmodel=Rating%20Model&amp;createdon=Created%20On&amp;msdyn_isdefault=Is%20Default</Data></Cell>
   </Row>
   <Row ss:AutoFitHeight="0">
    <Cell><Data ss:Type="String">No</Data></Cell>
    <Cell><Data ss:Type="String">Yes</Data></Cell>
   </Row>
  </Table>
  <WorksheetOptions xmlns="urn:schemas-microsoft-com:office:excel">
   <PageSetup>
    <Header x:Margin="0.3"/>
    <Footer x:Margin="0.3"/>
    <PageMargins x:Bottom="0.75" x:Left="0.7" x:Right="0.7" x:Top="0.75"/>
   </PageSetup>
   <Unsynced/>
   <Visible>SheetVeryHidden</Visible>
   <ProtectObjects>False</ProtectObjects>
   <ProtectScenarios>False</ProtectScenarios>
  </WorksheetOptions>
 </Worksheet>
</Workbook>
