<Map Name="Requirement Characteristic DM" Source="Import"><Description>Data map created automatically using the map settings specified during an import.</Description><EntitiesPerFile>Single</EntitiesPerFile><EntityMaps><EntityMap TargetEntityName="msdyn_requirementcharacteristic" SourceEntityName="Requirement Characteristic" Dedupe="Ignore" ProcessCode="Process"><AttributeMaps><AttributeMap><SourceAttributeName>Rating Value</SourceAttributeName><TargetAttributeName>msdyn_ratingvalue</TargetAttributeName><ProcessCode>Process</ProcessCode><LookupMaps><LookupMap><LookupType>System</LookupType><LookupEntityName>ratingvalue</LookupEntityName><LookupAttributeName>ratingvalueid</LookupAttributeName><ProcessCode>Process</ProcessCode></LookupMap><LookupMap><LookupType>System</LookupType><LookupEntityName>ratingvalue</LookupEntityName><LookupAttributeName>name</LookupAttributeName><ProcessCode>Process</ProcessCode></LookupMap></LookupMaps></AttributeMap><AttributeMap><SourceAttributeName>Characteristic</SourceAttributeName><TargetAttributeName>msdyn_characteristic</TargetAttributeName><ProcessCode>Process</ProcessCode><LookupMaps><LookupMap><LookupType>System</LookupType><LookupEntityName>characteristic</LookupEntityName><LookupAttributeName>characteristicid</LookupAttributeName><ProcessCode>Process</ProcessCode></LookupMap><LookupMap><LookupType>System</LookupType><LookupEntityName>characteristic</LookupEntityName><LookupAttributeName>name</LookupAttributeName><ProcessCode>Process</ProcessCode></LookupMap></LookupMaps></AttributeMap><AttributeMap><SourceAttributeName>Resource Requirement</SourceAttributeName><TargetAttributeName>msdyn_resourcerequirement</TargetAttributeName><ProcessCode>Process</ProcessCode><LookupMaps><LookupMap><LookupType>System</LookupType><LookupEntityName>msdyn_resourcerequirement</LookupEntityName><LookupAttributeName>msdyn_resourcerequirementid</LookupAttributeName><ProcessCode>Process</ProcessCode></LookupMap><LookupMap><LookupType>System</LookupType><LookupEntityName>msdyn_resourcerequirement</LookupEntityName><LookupAttributeName>msdyn_name</LookupAttributeName><ProcessCode>Process</ProcessCode></LookupMap></LookupMaps></AttributeMap><AttributeMap><SourceAttributeName>Created On</SourceAttributeName><TargetAttributeName>overriddencreatedon</TargetAttributeName><ProcessCode>Process</ProcessCode></AttributeMap><AttributeMap><SourceAttributeName>Name</SourceAttributeName><TargetAttributeName>msdyn_name</TargetAttributeName><ProcessCode>Process</ProcessCode></AttributeMap></AttributeMaps></EntityMap></EntityMaps></Map>