<Map Name="Requirement Resource Category DM" Source="Import"><Description>Data map created automatically using the map settings specified during an import.</Description><EntitiesPerFile>Single</EntitiesPerFile><EntityMaps><EntityMap TargetEntityName="msdyn_requirementresourcecategory" SourceEntityName="Requirement Resource Category" Dedupe="Ignore" ProcessCode="Process"><AttributeMaps><AttributeMap><SourceAttributeName>Resource Requirement</SourceAttributeName><TargetAttributeName>msdyn_resourcerequirement</TargetAttributeName><ProcessCode>Process</ProcessCode><LookupMaps><LookupMap><LookupType>System</LookupType><LookupEntityName>msdyn_resourcerequirement</LookupEntityName><LookupAttributeName>msdyn_resourcerequirementid</LookupAttributeName><ProcessCode>Process</ProcessCode></LookupMap><LookupMap><LookupType>System</LookupType><LookupEntityName>msdyn_resourcerequirement</LookupEntityName><LookupAttributeName>msdyn_name</LookupAttributeName><ProcessCode>Process</ProcessCode></LookupMap></LookupMaps></AttributeMap><AttributeMap><SourceAttributeName>Name</SourceAttributeName><TargetAttributeName>msdyn_name</TargetAttributeName><ProcessCode>Process</ProcessCode></AttributeMap><AttributeMap><SourceAttributeName>Created On</SourceAttributeName><TargetAttributeName>overriddencreatedon</TargetAttributeName><ProcessCode>Process</ProcessCode></AttributeMap><AttributeMap><SourceAttributeName>Resource Category</SourceAttributeName><TargetAttributeName>msdyn_resourcecategory</TargetAttributeName><ProcessCode>Process</ProcessCode><LookupMaps><LookupMap><LookupType>System</LookupType><LookupEntityName>bookableresourcecategory</LookupEntityName><LookupAttributeName>bookableresourcecategoryid</LookupAttributeName><ProcessCode>Process</ProcessCode></LookupMap><LookupMap><LookupType>System</LookupType><LookupEntityName>bookableresourcecategory</LookupEntityName><LookupAttributeName>name</LookupAttributeName><ProcessCode>Process</ProcessCode></LookupMap></LookupMaps></AttributeMap></AttributeMaps></EntityMap></EntityMaps></Map>