<Map Name="Requirement Org Unit DM" Source="Import"><Description>Data map created automatically using the map settings specified during an import.</Description><EntitiesPerFile>Single</EntitiesPerFile><EntityMaps><EntityMap TargetEntityName="msdyn_requirementorganizationunit" SourceEntityName="Requirement Organization Unit" Dedupe="Ignore" ProcessCode="Process"><AttributeMaps><AttributeMap><SourceAttributeName>Created On</SourceAttributeName><TargetAttributeName>overriddencreatedon</TargetAttributeName><ProcessCode>Process</ProcessCode></AttributeMap><AttributeMap><SourceAttributeName>Name</SourceAttributeName><TargetAttributeName>msdyn_name</TargetAttributeName><ProcessCode>Process</ProcessCode></AttributeMap><AttributeMap><SourceAttributeName>Organizational Unit</SourceAttributeName><TargetAttributeName>msdyn_organizationalunit</TargetAttributeName><ProcessCode>Process</ProcessCode><LookupMaps><LookupMap><LookupType>System</LookupType><LookupEntityName>msdyn_organizationalunit</LookupEntityName><LookupAttributeName>msdyn_name</LookupAttributeName><ProcessCode>Process</ProcessCode></LookupMap><LookupMap><LookupType>System</LookupType><LookupEntityName>msdyn_organizationalunit</LookupEntityName><LookupAttributeName>msdyn_organizationalunitid</LookupAttributeName><ProcessCode>Process</ProcessCode></LookupMap></LookupMaps></AttributeMap><AttributeMap><SourceAttributeName>Resource Requirement</SourceAttributeName><TargetAttributeName>msdyn_resourcerequirement</TargetAttributeName><ProcessCode>Process</ProcessCode><LookupMaps><LookupMap><LookupType>System</LookupType><LookupEntityName>msdyn_resourcerequirement</LookupEntityName><LookupAttributeName>msdyn_resourcerequirementid</LookupAttributeName><ProcessCode>Process</ProcessCode></LookupMap><LookupMap><LookupType>System</LookupType><LookupEntityName>msdyn_resourcerequirement</LookupEntityName><LookupAttributeName>msdyn_name</LookupAttributeName><ProcessCode>Process</ProcessCode></LookupMap></LookupMaps></AttributeMap></AttributeMaps></EntityMap></EntityMaps></Map>