<?xml version="1.0"?>
<?mso-application progid="Excel.Sheet"?>
<Workbook xmlns="urn:schemas-microsoft-com:office:spreadsheet"
 xmlns:o="urn:schemas-microsoft-com:office:office"
 xmlns:x="urn:schemas-microsoft-com:office:excel"
 xmlns:ss="urn:schemas-microsoft-com:office:spreadsheet"
 xmlns:html="http://www.w3.org/TR/REC-html40">
 <DocumentProperties xmlns="urn:schemas-microsoft-com:office:office">
  <Author>administrator</Author>
  <LastAuthor>Eamon O'Brien</LastAuthor>
  <Created>2016-08-30T06:48:02Z</Created>
  <Version>16.00</Version>
 </DocumentProperties>
 <OfficeDocumentSettings xmlns="urn:schemas-microsoft-com:office:office">
  <AllowPNG/>
 </OfficeDocumentSettings>
 <ExcelWorkbook xmlns="urn:schemas-microsoft-com:office:excel">
  <WindowHeight>13658</WindowHeight>
  <WindowWidth>28800</WindowWidth>
  <WindowTopX>0</WindowTopX>
  <WindowTopY>0</WindowTopY>
  <ProtectStructure>False</ProtectStructure>
  <ProtectWindows>False</ProtectWindows>
 </ExcelWorkbook>
 <Styles>
  <Style ss:ID="Default" ss:Name="Normal">
   <Alignment ss:Vertical="Bottom"/>
   <Borders/>
   <Font ss:FontName="Calibri" ss:Size="11"/>
   <Interior/>
   <NumberFormat/>
   <Protection/>
  </Style>
  <Style ss:ID="s62">
   <NumberFormat ss:Format="@"/>
  </Style>
  <Style ss:ID="s63">
   <NumberFormat ss:Format="General Date"/>
  </Style>
  <Style ss:ID="s64">
   <Font ss:FontName="Calibri" ss:Size="11" ss:Color="#FFFFFF" ss:Bold="1"/>
   <Interior ss:Color="#5B9BD5" ss:Pattern="Solid"/>
  </Style>
 </Styles>
 <Worksheet ss:Name="Requirement Characteristic ...">
  <Names>
   <NamedRange ss:Name="Query_from_Microsoft_CRM"
    ss:RefersTo="='Requirement Characteristic ...'!R1C1:R2C8"/>
  </Names>
  <Table ss:ExpandedColumnCount="8" ss:ExpandedRowCount="85" x:FullColumns="1"
   x:FullRows="1" ss:DefaultColumnWidth="51" ss:DefaultRowHeight="15">
   <Column ss:Hidden="1" ss:AutoFitWidth="0"/>
   <Column ss:StyleID="s62" ss:Hidden="1" ss:AutoFitWidth="0"/>
   <Column ss:StyleID="s63" ss:Hidden="1" ss:AutoFitWidth="0"/>
   <Column ss:StyleID="s62" ss:AutoFitWidth="0" ss:Width="220.5"/>
   <Column ss:StyleID="s63" ss:AutoFitWidth="0" ss:Width="89.25"/>
   <Column ss:StyleID="s62" ss:AutoFitWidth="0" ss:Width="73.5" ss:Span="1"/>
   <Column ss:Index="8" ss:StyleID="s62" ss:Width="134.25"/>
   <Row ss:AutoFitHeight="0">
    <Cell ss:StyleID="s64"><Data ss:Type="String">(Do Not Modify) Requirement Characteristic</Data><NamedCell
      ss:Name="Query_from_Microsoft_CRM"/></Cell>
    <Cell ss:StyleID="s64"><Data ss:Type="String">(Do Not Modify) Row Checksum</Data><NamedCell
      ss:Name="Query_from_Microsoft_CRM"/></Cell>
    <Cell ss:StyleID="s64"><Data ss:Type="String">(Do Not Modify) Modified On</Data><NamedCell
      ss:Name="Query_from_Microsoft_CRM"/></Cell>
    <Cell ss:StyleID="s64"><Data ss:Type="String">Name</Data><NamedCell
      ss:Name="Query_from_Microsoft_CRM"/></Cell>
    <Cell ss:StyleID="s64"><Data ss:Type="String">Created On</Data><NamedCell
      ss:Name="Query_from_Microsoft_CRM"/></Cell>
    <Cell ss:StyleID="s64"><Data ss:Type="String">Characteristic</Data><NamedCell
      ss:Name="Query_from_Microsoft_CRM"/></Cell>
    <Cell ss:StyleID="s64"><Data ss:Type="String">Rating Value</Data><NamedCell
      ss:Name="Query_from_Microsoft_CRM"/></Cell>
    <Cell ss:StyleID="s64"><Data ss:Type="String">Resource Requirement</Data><NamedCell
      ss:Name="Query_from_Microsoft_CRM"/></Cell>
   </Row>
   <Row ss:AutoFitHeight="0">
    <Cell ss:Index="4"><Data ss:Type="String">ReqChar1</Data><NamedCell
      ss:Name="Query_from_Microsoft_CRM"/></Cell>
    <Cell ss:Index="6"><Data ss:Type="String">CRM</Data><NamedCell
      ss:Name="Query_from_Microsoft_CRM"/></Cell>
    <Cell><Data ss:Type="String">Good</Data><NamedCell
      ss:Name="Query_from_Microsoft_CRM"/></Cell>
    <Cell><Data ss:Type="String">Check on new orders </Data><NamedCell
      ss:Name="Query_from_Microsoft_CRM"/></Cell>
   </Row>
   <Row ss:AutoFitHeight="0">
    <Cell ss:Index="4"><Data ss:Type="String">ReqChar2</Data></Cell>
    <Cell ss:Index="6"><Data ss:Type="String">Project Management</Data></Cell>
    <Cell><Data ss:Type="String">Familiar</Data></Cell>
    <Cell><Data ss:Type="String">Check on new orders </Data></Cell>
   </Row>
   <Row ss:AutoFitHeight="0">
    <Cell ss:Index="4"><Data ss:Type="String">ReqChar3</Data></Cell>
    <Cell ss:Index="6"><Data ss:Type="String">ERP</Data></Cell>
    <Cell><Data ss:Type="String">Proficient</Data></Cell>
    <Cell><Data ss:Type="String">Check on new orders </Data></Cell>
   </Row>
   <Row ss:AutoFitHeight="0">
    <Cell ss:Index="4"><Data ss:Type="String">ReqChar4</Data></Cell>
    <Cell ss:Index="6"><Data ss:Type="String">.net</Data></Cell>
    <Cell><Data ss:Type="String">Familiar</Data></Cell>
    <Cell><Data ss:Type="String">Check on new orders </Data></Cell>
   </Row>
   <Row ss:AutoFitHeight="0">
    <Cell ss:Index="4"><Data ss:Type="String">ReqChar5</Data></Cell>
    <Cell ss:Index="6"><Data ss:Type="String">Agile Methodology</Data></Cell>
    <Cell><Data ss:Type="String">Good</Data></Cell>
    <Cell><Data ss:Type="String">Conduct overhaul</Data></Cell>
   </Row>
   <Row ss:AutoFitHeight="0">
    <Cell ss:Index="4"><Data ss:Type="String">ReqChar6</Data></Cell>
    <Cell ss:Index="6"><Data ss:Type="String">C#</Data></Cell>
    <Cell><Data ss:Type="String">Good</Data></Cell>
    <Cell><Data ss:Type="String">Conduct overhaul</Data></Cell>
   </Row>
   <Row ss:AutoFitHeight="0">
    <Cell ss:Index="4"><Data ss:Type="String">ReqChar7</Data></Cell>
    <Cell ss:Index="6"><Data ss:Type="String">Hadoop</Data></Cell>
    <Cell><Data ss:Type="String">Good</Data></Cell>
    <Cell><Data ss:Type="String">Conduct overhaul</Data></Cell>
   </Row>
   <Row ss:AutoFitHeight="0">
    <Cell ss:Index="4"><Data ss:Type="String">ReqChar8</Data></Cell>
    <Cell ss:Index="6"><Data ss:Type="String">HTML</Data></Cell>
    <Cell><Data ss:Type="String">Familiar</Data></Cell>
    <Cell><Data ss:Type="String">Conduct overhaul</Data></Cell>
   </Row>
   <Row ss:AutoFitHeight="0">
    <Cell ss:Index="4"><Data ss:Type="String">ReqChar9</Data></Cell>
    <Cell ss:Index="6"><Data ss:Type="String">J2EE</Data></Cell>
    <Cell><Data ss:Type="String">Proficient</Data></Cell>
    <Cell><Data ss:Type="String">Conduct overhaul</Data></Cell>
   </Row>
   <Row ss:AutoFitHeight="0">
    <Cell ss:Index="4"><Data ss:Type="String">ReqChar10</Data></Cell>
    <Cell ss:Index="6"><Data ss:Type="String">Javascript</Data></Cell>
    <Cell><Data ss:Type="String">Familiar</Data></Cell>
    <Cell><Data ss:Type="String">Conduct overhaul</Data></Cell>
   </Row>
   <Row ss:AutoFitHeight="0">
    <Cell ss:Index="4"><Data ss:Type="String">ReqChar11</Data></Cell>
    <Cell ss:Index="6"><Data ss:Type="String">BI Reporting</Data></Cell>
    <Cell><Data ss:Type="String">Good</Data></Cell>
    <Cell><Data ss:Type="String">Check on order status</Data></Cell>
   </Row>
   <Row ss:AutoFitHeight="0">
    <Cell ss:Index="4"><Data ss:Type="String">ReqChar12</Data></Cell>
    <Cell ss:Index="6"><Data ss:Type="String">SQL</Data></Cell>
    <Cell><Data ss:Type="String">Good</Data></Cell>
    <Cell><Data ss:Type="String">Check on order status</Data></Cell>
   </Row>
   <Row ss:AutoFitHeight="0">
    <Cell ss:Index="4"><Data ss:Type="String">ReqChar13</Data></Cell>
    <Cell ss:Index="6" ss:StyleID="Default"><Data ss:Type="String">Accounting and Finance</Data></Cell>
    <Cell><Data ss:Type="String">Good</Data></Cell>
    <Cell><Data ss:Type="String">Check on order status</Data></Cell>
   </Row>
   <Row ss:AutoFitHeight="0">
    <Cell ss:Index="4"><Data ss:Type="String">ReqChar14</Data></Cell>
    <Cell ss:Index="6" ss:StyleID="Default"><Data ss:Type="String">Budgeting</Data></Cell>
    <Cell><Data ss:Type="String">Familiar</Data></Cell>
    <Cell><Data ss:Type="String">Check on order status</Data></Cell>
   </Row>
   <Row ss:AutoFitHeight="0">
    <Cell ss:Index="4"><Data ss:Type="String">ReqChar15</Data></Cell>
    <Cell ss:Index="6" ss:StyleID="Default"><Data ss:Type="String">Quality Management</Data></Cell>
    <Cell><Data ss:Type="String">Proficient</Data></Cell>
    <Cell><Data ss:Type="String">Check on order status</Data></Cell>
   </Row>
   <Row ss:AutoFitHeight="0">
    <Cell ss:Index="4"><Data ss:Type="String">ReqChar16</Data></Cell>
    <Cell ss:Index="6"><Data ss:Type="String">Logistics</Data></Cell>
    <Cell><Data ss:Type="String">Familiar</Data></Cell>
    <Cell><Data ss:Type="String">Check on order status</Data></Cell>
   </Row>
   <Row ss:AutoFitHeight="0">
    <Cell ss:Index="4"><Data ss:Type="String">ReqChar17</Data></Cell>
    <Cell ss:Index="6"><Data ss:Type="String">Sales</Data></Cell>
    <Cell><Data ss:Type="String">Good</Data></Cell>
    <Cell><Data ss:Type="String">Check on order status</Data></Cell>
   </Row>
   <Row ss:AutoFitHeight="0">
    <Cell ss:Index="4"><Data ss:Type="String">ReqChar18</Data></Cell>
    <Cell ss:Index="6"><Data ss:Type="String">CRM</Data></Cell>
    <Cell><Data ss:Type="String">Good</Data></Cell>
    <Cell><Data ss:Type="String">Fix product defects</Data></Cell>
   </Row>
   <Row ss:AutoFitHeight="0">
    <Cell ss:Index="4"><Data ss:Type="String">ReqChar19</Data></Cell>
    <Cell ss:Index="6"><Data ss:Type="String">Project Management</Data></Cell>
    <Cell><Data ss:Type="String">Good</Data></Cell>
    <Cell><Data ss:Type="String">Fix product defects</Data></Cell>
   </Row>
   <Row ss:AutoFitHeight="0">
    <Cell ss:Index="4"><Data ss:Type="String">ReqChar20</Data></Cell>
    <Cell ss:Index="6"><Data ss:Type="String">ERP</Data></Cell>
    <Cell><Data ss:Type="String">Familiar</Data></Cell>
    <Cell><Data ss:Type="String">Fix product defects</Data></Cell>
   </Row>
   <Row ss:AutoFitHeight="0">
    <Cell ss:Index="4"><Data ss:Type="String">ReqChar21</Data></Cell>
    <Cell ss:Index="6"><Data ss:Type="String">.net</Data></Cell>
    <Cell><Data ss:Type="String">Proficient</Data></Cell>
    <Cell><Data ss:Type="String">Fix product defects</Data></Cell>
   </Row>
   <Row ss:AutoFitHeight="0">
    <Cell ss:Index="4"><Data ss:Type="String">ReqChar22</Data></Cell>
    <Cell ss:Index="6"><Data ss:Type="String">Agile Methodology</Data></Cell>
    <Cell><Data ss:Type="String">Familiar</Data></Cell>
    <Cell><Data ss:Type="String">Fix product defects</Data></Cell>
   </Row>
   <Row ss:AutoFitHeight="0">
    <Cell ss:Index="4"><Data ss:Type="String">ReqChar23</Data></Cell>
    <Cell ss:Index="6"><Data ss:Type="String">C#</Data></Cell>
    <Cell><Data ss:Type="String">Good</Data></Cell>
    <Cell><Data ss:Type="String">Fix product defects</Data></Cell>
   </Row>
   <Row ss:AutoFitHeight="0">
    <Cell ss:Index="4"><Data ss:Type="String">ReqChar24</Data></Cell>
    <Cell ss:Index="6"><Data ss:Type="String">Hadoop</Data></Cell>
    <Cell><Data ss:Type="String">Good</Data></Cell>
    <Cell><Data ss:Type="String">Sales strategy presentation</Data></Cell>
   </Row>
   <Row ss:AutoFitHeight="0">
    <Cell ss:Index="4"><Data ss:Type="String">ReqChar25</Data></Cell>
    <Cell ss:Index="6"><Data ss:Type="String">HTML</Data></Cell>
    <Cell><Data ss:Type="String">Good</Data></Cell>
    <Cell><Data ss:Type="String">Sales strategy presentation</Data></Cell>
   </Row>
   <Row ss:AutoFitHeight="0">
    <Cell ss:Index="4"><Data ss:Type="String">ReqChar26</Data></Cell>
    <Cell ss:Index="6"><Data ss:Type="String">J2EE</Data></Cell>
    <Cell><Data ss:Type="String">Familiar</Data></Cell>
    <Cell><Data ss:Type="String">Sales strategy presentation</Data></Cell>
   </Row>
   <Row ss:AutoFitHeight="0">
    <Cell ss:Index="4"><Data ss:Type="String">ReqChar27</Data></Cell>
    <Cell ss:Index="6"><Data ss:Type="String">Javascript</Data></Cell>
    <Cell><Data ss:Type="String">Proficient</Data></Cell>
    <Cell><Data ss:Type="String">Sales strategy presentation</Data></Cell>
   </Row>
   <Row ss:AutoFitHeight="0">
    <Cell ss:Index="4"><Data ss:Type="String">ReqChar28</Data></Cell>
    <Cell ss:Index="6"><Data ss:Type="String">BI Reporting</Data></Cell>
    <Cell><Data ss:Type="String">Familiar</Data></Cell>
    <Cell><Data ss:Type="String">Sales strategy presentation</Data></Cell>
   </Row>
   <Row ss:AutoFitHeight="0">
    <Cell ss:Index="4"><Data ss:Type="String">ReqChar29</Data></Cell>
    <Cell ss:Index="6"><Data ss:Type="String">SQL</Data></Cell>
    <Cell><Data ss:Type="String">Good</Data></Cell>
    <Cell><Data ss:Type="String">Prepare defect report</Data></Cell>
   </Row>
   <Row ss:AutoFitHeight="0">
    <Cell ss:Index="4"><Data ss:Type="String">ReqChar30</Data></Cell>
    <Cell ss:Index="6" ss:StyleID="Default"><Data ss:Type="String">Accounting and Finance</Data></Cell>
    <Cell><Data ss:Type="String">Good</Data></Cell>
    <Cell><Data ss:Type="String">Prepare defect report</Data></Cell>
   </Row>
   <Row ss:AutoFitHeight="0">
    <Cell ss:Index="4"><Data ss:Type="String">ReqChar31</Data></Cell>
    <Cell ss:Index="6" ss:StyleID="Default"><Data ss:Type="String">Budgeting</Data></Cell>
    <Cell><Data ss:Type="String">Good</Data></Cell>
    <Cell><Data ss:Type="String">Prepare defect report</Data></Cell>
   </Row>
   <Row ss:AutoFitHeight="0">
    <Cell ss:Index="4"><Data ss:Type="String">ReqChar32</Data></Cell>
    <Cell ss:Index="6" ss:StyleID="Default"><Data ss:Type="String">Quality Management</Data></Cell>
    <Cell><Data ss:Type="String">Familiar</Data></Cell>
    <Cell><Data ss:Type="String">Prepare defect report</Data></Cell>
   </Row>
   <Row ss:AutoFitHeight="0">
    <Cell ss:Index="4"><Data ss:Type="String">ReqChar33</Data></Cell>
    <Cell ss:Index="6"><Data ss:Type="String">Logistics</Data></Cell>
    <Cell><Data ss:Type="String">Proficient</Data></Cell>
    <Cell><Data ss:Type="String">Prepare defect report</Data></Cell>
   </Row>
   <Row ss:AutoFitHeight="0">
    <Cell ss:Index="4"><Data ss:Type="String">ReqChar34</Data></Cell>
    <Cell ss:Index="6"><Data ss:Type="String">Sales</Data></Cell>
    <Cell><Data ss:Type="String">Familiar</Data></Cell>
    <Cell><Data ss:Type="String">Sales team deck</Data></Cell>
   </Row>
   <Row ss:AutoFitHeight="0">
    <Cell ss:Index="4" ss:StyleID="Default"/>
    <Cell ss:StyleID="Default"/>
    <Cell ss:StyleID="Default"/>
    <Cell ss:StyleID="Default"/>
    <Cell ss:StyleID="Default"/>
   </Row>
   <Row ss:AutoFitHeight="0">
    <Cell ss:Index="4" ss:StyleID="Default"/>
    <Cell ss:StyleID="Default"/>
    <Cell ss:StyleID="Default"/>
    <Cell ss:StyleID="Default"/>
    <Cell ss:StyleID="Default"/>
   </Row>
   <Row ss:AutoFitHeight="0">
    <Cell ss:Index="4" ss:StyleID="Default"/>
    <Cell ss:StyleID="Default"/>
    <Cell ss:StyleID="Default"/>
    <Cell ss:StyleID="Default"/>
    <Cell ss:StyleID="Default"/>
   </Row>
   <Row ss:AutoFitHeight="0">
    <Cell ss:Index="4" ss:StyleID="Default"/>
    <Cell ss:StyleID="Default"/>
    <Cell ss:StyleID="Default"/>
    <Cell ss:StyleID="Default"/>
    <Cell ss:StyleID="Default"/>
   </Row>
   <Row ss:AutoFitHeight="0">
    <Cell ss:Index="4" ss:StyleID="Default"/>
    <Cell ss:StyleID="Default"/>
    <Cell ss:StyleID="Default"/>
    <Cell ss:StyleID="Default"/>
    <Cell ss:StyleID="Default"/>
   </Row>
   <Row ss:AutoFitHeight="0">
    <Cell ss:Index="4" ss:StyleID="Default"/>
    <Cell ss:StyleID="Default"/>
    <Cell ss:StyleID="Default"/>
    <Cell ss:StyleID="Default"/>
    <Cell ss:StyleID="Default"/>
   </Row>
   <Row ss:AutoFitHeight="0">
    <Cell ss:Index="4" ss:StyleID="Default"/>
    <Cell ss:StyleID="Default"/>
    <Cell ss:StyleID="Default"/>
    <Cell ss:StyleID="Default"/>
    <Cell ss:StyleID="Default"/>
   </Row>
   <Row ss:AutoFitHeight="0">
    <Cell ss:Index="4" ss:StyleID="Default"/>
    <Cell ss:StyleID="Default"/>
    <Cell ss:StyleID="Default"/>
    <Cell ss:StyleID="Default"/>
    <Cell ss:StyleID="Default"/>
   </Row>
   <Row ss:AutoFitHeight="0">
    <Cell ss:Index="4" ss:StyleID="Default"/>
    <Cell ss:StyleID="Default"/>
    <Cell ss:StyleID="Default"/>
    <Cell ss:StyleID="Default"/>
    <Cell ss:StyleID="Default"/>
   </Row>
   <Row ss:AutoFitHeight="0">
    <Cell ss:Index="4" ss:StyleID="Default"/>
    <Cell ss:StyleID="Default"/>
    <Cell ss:StyleID="Default"/>
    <Cell ss:StyleID="Default"/>
    <Cell ss:StyleID="Default"/>
   </Row>
   <Row ss:AutoFitHeight="0">
    <Cell ss:Index="4" ss:StyleID="Default"/>
    <Cell ss:StyleID="Default"/>
    <Cell ss:StyleID="Default"/>
    <Cell ss:StyleID="Default"/>
    <Cell ss:StyleID="Default"/>
   </Row>
   <Row ss:AutoFitHeight="0">
    <Cell ss:Index="4" ss:StyleID="Default"/>
    <Cell ss:StyleID="Default"/>
    <Cell ss:StyleID="Default"/>
    <Cell ss:StyleID="Default"/>
    <Cell ss:StyleID="Default"/>
   </Row>
   <Row ss:AutoFitHeight="0">
    <Cell ss:Index="4" ss:StyleID="Default"/>
    <Cell ss:StyleID="Default"/>
    <Cell ss:StyleID="Default"/>
    <Cell ss:StyleID="Default"/>
    <Cell ss:StyleID="Default"/>
   </Row>
   <Row ss:AutoFitHeight="0">
    <Cell ss:Index="4" ss:StyleID="Default"/>
    <Cell ss:StyleID="Default"/>
    <Cell ss:StyleID="Default"/>
    <Cell ss:StyleID="Default"/>
    <Cell ss:StyleID="Default"/>
   </Row>
   <Row ss:AutoFitHeight="0">
    <Cell ss:Index="4" ss:StyleID="Default"/>
    <Cell ss:StyleID="Default"/>
    <Cell ss:StyleID="Default"/>
    <Cell ss:StyleID="Default"/>
    <Cell ss:StyleID="Default"/>
   </Row>
   <Row ss:AutoFitHeight="0">
    <Cell ss:Index="4" ss:StyleID="Default"/>
    <Cell ss:StyleID="Default"/>
    <Cell ss:StyleID="Default"/>
    <Cell ss:StyleID="Default"/>
    <Cell ss:StyleID="Default"/>
   </Row>
   <Row ss:AutoFitHeight="0">
    <Cell ss:Index="4" ss:StyleID="Default"/>
    <Cell ss:StyleID="Default"/>
    <Cell ss:StyleID="Default"/>
    <Cell ss:StyleID="Default"/>
    <Cell ss:StyleID="Default"/>
   </Row>
   <Row ss:AutoFitHeight="0">
    <Cell ss:Index="4" ss:StyleID="Default"/>
    <Cell ss:StyleID="Default"/>
    <Cell ss:StyleID="Default"/>
    <Cell ss:StyleID="Default"/>
    <Cell ss:StyleID="Default"/>
   </Row>
   <Row ss:AutoFitHeight="0">
    <Cell ss:Index="4" ss:StyleID="Default"/>
    <Cell ss:StyleID="Default"/>
    <Cell ss:StyleID="Default"/>
    <Cell ss:StyleID="Default"/>
    <Cell ss:StyleID="Default"/>
   </Row>
   <Row ss:AutoFitHeight="0">
    <Cell ss:Index="4" ss:StyleID="Default"/>
    <Cell ss:StyleID="Default"/>
    <Cell ss:StyleID="Default"/>
    <Cell ss:StyleID="Default"/>
    <Cell ss:StyleID="Default"/>
   </Row>
   <Row ss:AutoFitHeight="0">
    <Cell ss:Index="4" ss:StyleID="Default"/>
    <Cell ss:StyleID="Default"/>
    <Cell ss:StyleID="Default"/>
    <Cell ss:StyleID="Default"/>
    <Cell ss:StyleID="Default"/>
   </Row>
   <Row ss:AutoFitHeight="0">
    <Cell ss:Index="4" ss:StyleID="Default"/>
    <Cell ss:StyleID="Default"/>
    <Cell ss:StyleID="Default"/>
    <Cell ss:StyleID="Default"/>
    <Cell ss:StyleID="Default"/>
   </Row>
   <Row ss:AutoFitHeight="0">
    <Cell ss:Index="4" ss:StyleID="Default"/>
    <Cell ss:StyleID="Default"/>
    <Cell ss:StyleID="Default"/>
    <Cell ss:StyleID="Default"/>
    <Cell ss:StyleID="Default"/>
   </Row>
   <Row ss:AutoFitHeight="0">
    <Cell ss:Index="4" ss:StyleID="Default"/>
    <Cell ss:StyleID="Default"/>
    <Cell ss:StyleID="Default"/>
    <Cell ss:StyleID="Default"/>
    <Cell ss:StyleID="Default"/>
   </Row>
   <Row ss:AutoFitHeight="0">
    <Cell ss:Index="4" ss:StyleID="Default"/>
    <Cell ss:StyleID="Default"/>
    <Cell ss:StyleID="Default"/>
    <Cell ss:StyleID="Default"/>
    <Cell ss:StyleID="Default"/>
   </Row>
   <Row ss:AutoFitHeight="0">
    <Cell ss:Index="4" ss:StyleID="Default"/>
    <Cell ss:StyleID="Default"/>
    <Cell ss:StyleID="Default"/>
    <Cell ss:StyleID="Default"/>
    <Cell ss:StyleID="Default"/>
   </Row>
   <Row ss:AutoFitHeight="0">
    <Cell ss:Index="4" ss:StyleID="Default"/>
    <Cell ss:StyleID="Default"/>
    <Cell ss:StyleID="Default"/>
    <Cell ss:StyleID="Default"/>
    <Cell ss:StyleID="Default"/>
   </Row>
   <Row ss:AutoFitHeight="0">
    <Cell ss:Index="4" ss:StyleID="Default"/>
    <Cell ss:StyleID="Default"/>
    <Cell ss:StyleID="Default"/>
    <Cell ss:StyleID="Default"/>
    <Cell ss:StyleID="Default"/>
   </Row>
   <Row ss:AutoFitHeight="0">
    <Cell ss:Index="4" ss:StyleID="Default"/>
    <Cell ss:StyleID="Default"/>
    <Cell ss:StyleID="Default"/>
    <Cell ss:StyleID="Default"/>
    <Cell ss:StyleID="Default"/>
   </Row>
   <Row ss:AutoFitHeight="0">
    <Cell ss:Index="4" ss:StyleID="Default"/>
    <Cell ss:StyleID="Default"/>
    <Cell ss:StyleID="Default"/>
    <Cell ss:StyleID="Default"/>
    <Cell ss:StyleID="Default"/>
   </Row>
   <Row ss:AutoFitHeight="0">
    <Cell ss:Index="4" ss:StyleID="Default"/>
    <Cell ss:StyleID="Default"/>
    <Cell ss:StyleID="Default"/>
    <Cell ss:StyleID="Default"/>
    <Cell ss:StyleID="Default"/>
   </Row>
   <Row ss:AutoFitHeight="0">
    <Cell ss:Index="4" ss:StyleID="Default"/>
    <Cell ss:StyleID="Default"/>
    <Cell ss:StyleID="Default"/>
    <Cell ss:StyleID="Default"/>
    <Cell ss:StyleID="Default"/>
   </Row>
   <Row ss:AutoFitHeight="0">
    <Cell ss:Index="4" ss:StyleID="Default"/>
    <Cell ss:StyleID="Default"/>
    <Cell ss:StyleID="Default"/>
    <Cell ss:StyleID="Default"/>
    <Cell ss:StyleID="Default"/>
   </Row>
   <Row ss:AutoFitHeight="0">
    <Cell ss:Index="4" ss:StyleID="Default"/>
    <Cell ss:StyleID="Default"/>
    <Cell ss:StyleID="Default"/>
    <Cell ss:StyleID="Default"/>
    <Cell ss:StyleID="Default"/>
   </Row>
   <Row ss:AutoFitHeight="0">
    <Cell ss:Index="4" ss:StyleID="Default"/>
    <Cell ss:StyleID="Default"/>
    <Cell ss:StyleID="Default"/>
    <Cell ss:StyleID="Default"/>
    <Cell ss:StyleID="Default"/>
   </Row>
   <Row ss:AutoFitHeight="0">
    <Cell ss:Index="4" ss:StyleID="Default"/>
    <Cell ss:StyleID="Default"/>
    <Cell ss:StyleID="Default"/>
    <Cell ss:StyleID="Default"/>
    <Cell ss:StyleID="Default"/>
   </Row>
   <Row ss:AutoFitHeight="0">
    <Cell ss:Index="4" ss:StyleID="Default"/>
    <Cell ss:StyleID="Default"/>
    <Cell ss:StyleID="Default"/>
    <Cell ss:StyleID="Default"/>
    <Cell ss:StyleID="Default"/>
   </Row>
   <Row ss:AutoFitHeight="0">
    <Cell ss:Index="4" ss:StyleID="Default"/>
    <Cell ss:StyleID="Default"/>
    <Cell ss:StyleID="Default"/>
    <Cell ss:StyleID="Default"/>
    <Cell ss:StyleID="Default"/>
   </Row>
   <Row ss:AutoFitHeight="0">
    <Cell ss:Index="4" ss:StyleID="Default"/>
    <Cell ss:StyleID="Default"/>
    <Cell ss:StyleID="Default"/>
    <Cell ss:StyleID="Default"/>
    <Cell ss:StyleID="Default"/>
   </Row>
   <Row ss:AutoFitHeight="0">
    <Cell ss:Index="4" ss:StyleID="Default"/>
    <Cell ss:StyleID="Default"/>
    <Cell ss:StyleID="Default"/>
    <Cell ss:StyleID="Default"/>
    <Cell ss:StyleID="Default"/>
   </Row>
   <Row ss:AutoFitHeight="0">
    <Cell ss:Index="4" ss:StyleID="Default"/>
    <Cell ss:StyleID="Default"/>
    <Cell ss:StyleID="Default"/>
    <Cell ss:StyleID="Default"/>
    <Cell ss:StyleID="Default"/>
   </Row>
   <Row ss:AutoFitHeight="0">
    <Cell ss:Index="4" ss:StyleID="Default"/>
    <Cell ss:StyleID="Default"/>
    <Cell ss:StyleID="Default"/>
    <Cell ss:StyleID="Default"/>
    <Cell ss:StyleID="Default"/>
   </Row>
   <Row ss:AutoFitHeight="0">
    <Cell ss:Index="4" ss:StyleID="Default"/>
    <Cell ss:StyleID="Default"/>
    <Cell ss:StyleID="Default"/>
    <Cell ss:StyleID="Default"/>
    <Cell ss:StyleID="Default"/>
   </Row>
   <Row ss:AutoFitHeight="0">
    <Cell ss:Index="4" ss:StyleID="Default"/>
    <Cell ss:StyleID="Default"/>
    <Cell ss:StyleID="Default"/>
    <Cell ss:StyleID="Default"/>
    <Cell ss:StyleID="Default"/>
   </Row>
   <Row ss:AutoFitHeight="0">
    <Cell ss:Index="4" ss:StyleID="Default"/>
    <Cell ss:StyleID="Default"/>
    <Cell ss:StyleID="Default"/>
    <Cell ss:StyleID="Default"/>
    <Cell ss:StyleID="Default"/>
   </Row>
   <Row ss:AutoFitHeight="0">
    <Cell ss:Index="8" ss:StyleID="Default"/>
   </Row>
   <Row ss:AutoFitHeight="0">
    <Cell ss:Index="8" ss:StyleID="Default"/>
   </Row>
   <Row ss:AutoFitHeight="0">
    <Cell ss:Index="8" ss:StyleID="Default"/>
   </Row>
   <Row ss:AutoFitHeight="0">
    <Cell ss:Index="8" ss:StyleID="Default"/>
   </Row>
   <Row ss:AutoFitHeight="0">
    <Cell ss:Index="8" ss:StyleID="Default"/>
   </Row>
  </Table>
  <WorksheetOptions xmlns="urn:schemas-microsoft-com:office:excel">
   <PageSetup>
    <Header x:Margin="0.3"/>
    <Footer x:Margin="0.3"/>
    <PageMargins x:Bottom="0.75" x:Left="0.7" x:Right="0.7" x:Top="0.75"/>
   </PageSetup>
   <Unsynced/>
   <Selected/>
   <LeftColumnVisible>3</LeftColumnVisible>
   <FreezePanes/>
   <FrozenNoSplit/>
   <SplitHorizontal>1</SplitHorizontal>
   <TopRowBottomPane>4</TopRowBottomPane>
   <ActivePane>2</ActivePane>
   <Panes>
    <Pane>
     <Number>3</Number>
     <ActiveCol>3</ActiveCol>
    </Pane>
    <Pane>
     <Number>2</Number>
     <ActiveRow>11</ActiveRow>
     <ActiveCol>3</ActiveCol>
    </Pane>
   </Panes>
   <ProtectObjects>False</ProtectObjects>
   <ProtectScenarios>False</ProtectScenarios>
  </WorksheetOptions>
  <QueryTable xmlns="urn:schemas-microsoft-com:office:excel">
   <NoTitles/>
   <NoAutoFit/>
   <OverwriteCells/>
   <Name>Query from Microsoft CRM</Name>
   <QuerySource>
    <QueryType>Web</QueryType>
    <EnableRedirections/>
    <RefreshedInXl9/>
    <EntirePage/>
    <HTMLFormat>All</HTMLFormat>
    <URLString
     x:HRef="http://ironcore/contoso/_grid/print/print_data.aspx?tweener=1"/>
    <WebPostString>exportType=dynamicXlsx&amp;gridXml=%3cgrid%3e%3csortColumns%3emsdyn_name%3a1%3c%2fsortColumns%3e%3cpageNum%3e1%3c%2fpageNum%3e%3crecsPerPage%3e50%3c%2frecsPerPage%3e%3cdataProvider%3eMicrosoft.Crm.Application.Platform.Grid.GridDataPro</WebPostString>
    <WebPostString>viderQueryBuilder%3c%2fdataProvider%3e%3cuiProvider%3eMicrosoft.Crm.Application.Controls.GridUIProvider%3c%2fuiProvider%3e%3ccols%20%2f%3e%3cmax%3e-1%3c%2fmax%3e%3crefreshAsync%3eTrue%3c%2frefreshAsync%3e%3cpagingCookie%20%2f%3e%3</WebPostString>
    <WebPostString>cenableMultiSort%3etrue%3c%2fenableMultiSort%3e%3cenablePagingWhenOnePage%3etrue%3c%2fenablePagingWhenOnePage%3e%3crefreshCalledFromRefreshButton%3e1%3c%2frefreshCalledFromRefreshButton%3e%3ctotalrecordcount%3e0%3c%2ftotalrecordco</WebPostString>
    <WebPostString>unt%3e%3callrecordscounted%3etrue%3c%2fallrecordscounted%3e%3creturntotalrecordcount%3etrue%3c%2freturntotalrecordcount%3e%3cgetParameters%3e%3c%2fgetParameters%3e%3cparameters%3e%3cautorefresh%3e1%3c%2fautorefresh%3e%3cisGridHidd</WebPostString>
    <WebPostString>en%3efalse%3c%2fisGridHidden%3e%3csubgridAutoExpand%3e0%3c%2fsubgridAutoExpand%3e%3cfixedsizerows%3e0%3c%2ffixedsizerows%3e%3ctabindex%3e0%3c%2ftabindex%3e%3cenablesingleclick%3e0%3c%2fenablesingleclick%3e%3cisGridFilteringEnabled</WebPostString>
    <WebPostString>%3e0%3c%2fisGridFilteringEnabled%3e%3crefreshasynchronous%3e1%3c%2frefreshasynchronous%3e%3cdisableDblClick%3e0%3c%2fdisableDblClick%3e%3cviewid%3e%7b6C8E485A-DD85-471E-AFFB-B4B65A97404D%7d%3c%2fviewid%3e%3cviewtype%3e1039%3c%2fvi</WebPostString>
    <WebPostString>ewtype%3e%3cRecordsPerPage%3e50%3c%2fRecordsPerPage%3e%3cviewTitle%3eRequirement%20Characteristic%20Advanced%20Find%20View%3c%2fviewTitle%3e%3clayoutXml%3e%26lt%3bgrid%20name%3d%22resultset%22%20object%3d%2210028%22%20jump%3d%22ms</WebPostString>
    <WebPostString>dyn_name%22%20select%3d%221%22%20icon%3d%221%22%20preview%3d%221%22%26gt%3b%26lt%3brow%20name%3d%22result%22%20id%3d%22msdyn_requirementcharacteristicid%22%26gt%3b%26lt%3bcell%20name%3d%22msdyn_name%22%20width%3d%22300%22%2f%26gt%</WebPostString>
    <WebPostString>3b%26lt%3bcell%20name%3d%22createdon%22%20width%3d%22125%22%2f%26gt%3b%26lt%3bcell%20name%3d%22msdyn_characteristic%22%20width%3d%22100%22%2f%26gt%3b%26lt%3bcell%20name%3d%22msdyn_ratingvalue%22%20width%3d%22100%22%2f%26gt%3b%26lt</WebPostString>
    <WebPostString>%3bcell%20name%3d%22msdyn_resourcerequirement%22%20width%3d%22100%22%2f%26gt%3b%26lt%3b%2frow%26gt%3b%26lt%3b%2fgrid%26gt%3b%3c%2flayoutXml%3e%3cotc%3e10028%3c%2fotc%3e%3cotn%3emsdyn_requirementcharacteristic%3c%2fotn%3e%3centityd</WebPostString>
    <WebPostString>isplayname%3eRequirement%20Characteristic%3c%2fentitydisplayname%3e%3ctitleformat%3e%7b0%7d%20%7b1%7d%3c%2ftitleformat%3e%3centitypluraldisplayname%3eRequirement%20Characteristics%3c%2fentitypluraldisplayname%3e%3csuppressfetch%3e</WebPostString>
    <WebPostString>0%3c%2fsuppressfetch%3e%3cshowjumpbar%3e0%3c%2fshowjumpbar%3e%3cfetchXml%3e%26lt%3bfetch%20version%3d%221.0%22%20output-format%3d%22xml-platform%22%20mapping%3d%22logical%22%20distinct%3d%22false%22%26gt%3b%26lt%3bentity%20name%3d</WebPostString>
    <WebPostString>%22msdyn_requirementcharacteristic%22%26gt%3b%26lt%3battribute%20name%3d%22msdyn_requirementcharacteristicid%22%2f%26gt%3b%26lt%3battribute%20name%3d%22msdyn_name%22%2f%26gt%3b%26lt%3battribute%20name%3d%22createdon%22%2f%26gt%3b%</WebPostString>
    <WebPostString>26lt%3battribute%20name%3d%22msdyn_resourcerequirement%22%2f%26gt%3b%26lt%3battribute%20name%3d%22msdyn_ratingvalue%22%2f%26gt%3b%26lt%3battribute%20name%3d%22msdyn_characteristic%22%2f%26gt%3b%26lt%3border%20attribute%3d%22msdyn_</WebPostString>
    <WebPostString>name%22%20descending%3d%22false%22%2f%26gt%3b%26lt%3b%2fentity%26gt%3b%26lt%3b%2ffetch%26gt%3b%3c%2ffetchXml%3e%3crelationshipType%3e0%3c%2frelationshipType%3e%3cribbonContext%3eSubGridStandard%3c%2fribbonContext%3e%3cmaxrowsbefor</WebPostString>
    <WebPostString>escroll%3e-1%3c%2fmaxrowsbeforescroll%3e%3cGridType%3eSubGrid%3c%2fGridType%3e%3cisWorkflowSupported%3etrue%3c%2fisWorkflowSupported%3e%3cfetchXmlForFilters%3e%26lt%3bfetch%20version%3d%221.0%22%20mapping%3d%22logical%22%26gt%3b%2</WebPostString>
    <WebPostString>6lt%3bentity%20name%3d%22msdyn_requirementcharacteristic%22%26gt%3b%26lt%3battribute%20name%3d%22msdyn_requirementcharacteristicid%22%20%2f%26gt%3b%26lt%3battribute%20name%3d%22msdyn_name%22%20%2f%26gt%3b%26lt%3battribute%20name%3</WebPostString>
    <WebPostString>d%22createdon%22%20%2f%26gt%3b%26lt%3border%20attribute%3d%22msdyn_name%22%20descending%3d%22false%22%20%2f%26gt%3b%26lt%3b%2fentity%26gt%3b%26lt%3b%2ffetch%26gt%3b%3c%2ffetchXmlForFilters%3e%3cisFetchXmlNotFinal%3eFalse%3c%2fisFe</WebPostString>
    <WebPostString>tchXmlNotFinal%3e%3ceffectiveFetchXml%3e%26lt%3bfetch%20distinct%3d%22false%22%20no-lock%3d%22false%22%20mapping%3d%22logical%22%20page%3d%221%22%20count%3d%2250%22%20returntotalrecordcount%3d%22true%22%26gt%3b%26lt%3bentity%20nam</WebPostString>
    <WebPostString>e%3d%22msdyn_requirementcharacteristic%22%26gt%3b%26lt%3battribute%20name%3d%22msdyn_requirementcharacteristicid%22%20%2f%26gt%3b%26lt%3battribute%20name%3d%22msdyn_name%22%20%2f%26gt%3b%26lt%3battribute%20name%3d%22createdon%22%2</WebPostString>
    <WebPostString>0%2f%26gt%3b%26lt%3battribute%20name%3d%22msdyn_resourcerequirement%22%20%2f%26gt%3b%26lt%3battribute%20name%3d%22msdyn_ratingvalue%22%20%2f%26gt%3b%26lt%3battribute%20name%3d%22msdyn_characteristic%22%20%2f%26gt%3b%26lt%3battribu</WebPostString>
    <WebPostString>te%20name%3d%22msdyn_name%22%20%2f%26gt%3b%26lt%3battribute%20name%3d%22createdon%22%20%2f%26gt%3b%26lt%3battribute%20name%3d%22msdyn_characteristic%22%20%2f%26gt%3b%26lt%3battribute%20name%3d%22msdyn_ratingvalue%22%20%2f%26gt%3b%</WebPostString>
    <WebPostString>26lt%3battribute%20name%3d%22msdyn_resourcerequirement%22%20%2f%26gt%3b%26lt%3border%20attribute%3d%22msdyn_name%22%20descending%3d%22false%22%20%2f%26gt%3b%26lt%3b%2fentity%26gt%3b%26lt%3b%2ffetch%26gt%3b%3c%2feffectiveFetchXml%3</WebPostString>
    <WebPostString>e%3cLayoutStyle%3eGridList%3c%2fLayoutStyle%3e%3cenableFilters%3e1%3c%2fenableFilters%3e%3cisTurboForm%3e0%3c%2fisTurboForm%3e%3c%2fparameters%3e%3ccolumns%3e%3ccolumn%20width%3d%22300%22%20isHidden%3d%22false%22%20isMetadataBound</WebPostString>
    <WebPostString>%3d%22true%22%20isSortable%3d%22true%22%20label%3d%22Name%22%20fieldname%3d%22msdyn_name%22%20entityname%3d%22msdyn_requirementcharacteristic%22%20renderertype%3d%22Crm.PrimaryField%22%3emsdyn_name%3c%2fcolumn%3e%3ccolumn%20width%</WebPostString>
    <WebPostString>3d%22125%22%20isHidden%3d%22false%22%20isMetadataBound%3d%22true%22%20isSortable%3d%22true%22%20label%3d%22Created%20On%22%20fieldname%3d%22createdon%22%20entityname%3d%22msdyn_requirementcharacteristic%22%3ecreatedon%3c%2fcolumn%</WebPostString>
    <WebPostString>3e%3ccolumn%20width%3d%22100%22%20isHidden%3d%22false%22%20isMetadataBound%3d%22true%22%20isSortable%3d%22true%22%20label%3d%22Characteristic%22%20fieldname%3d%22msdyn_characteristic%22%20entityname%3d%22msdyn_requirementcharacter</WebPostString>
    <WebPostString>istic%22%3emsdyn_characteristic%3c%2fcolumn%3e%3ccolumn%20width%3d%22100%22%20isHidden%3d%22false%22%20isMetadataBound%3d%22true%22%20isSortable%3d%22true%22%20label%3d%22Rating%20Value%22%20fieldname%3d%22msdyn_ratingvalue%22%20e</WebPostString>
    <WebPostString>ntityname%3d%22msdyn_requirementcharacteristic%22%3emsdyn_ratingvalue%3c%2fcolumn%3e%3ccolumn%20width%3d%22100%22%20isHidden%3d%22false%22%20isMetadataBound%3d%22true%22%20isSortable%3d%22true%22%20label%3d%22Resource%20Requiremen</WebPostString>
    <WebPostString>t%22%20fieldname%3d%22msdyn_resourcerequirement%22%20entityname%3d%22msdyn_requirementcharacteristic%22%3emsdyn_resourcerequirement%3c%2fcolumn%3e%3c%2fcolumns%3e%3c%2fgrid%3e&amp;fetchXml=%3cfetch%20version%3d%221.0%22%20output-forma</WebPostString>
    <WebPostString>t%3d%22xml-platform%22%20mapping%3d%22logical%22%20distinct%3d%22false%22%3e%3centity%20name%3d%22msdyn_requirementcharacteristic%22%3e%3cattribute%20name%3d%22msdyn_requirementcharacteristicid%22%2f%3e%3cattribute%20name%3d%22msd</WebPostString>
    <WebPostString>yn_name%22%2f%3e%3cattribute%20name%3d%22createdon%22%2f%3e%3cattribute%20name%3d%22msdyn_resourcerequirement%22%2f%3e%3cattribute%20name%3d%22msdyn_ratingvalue%22%2f%3e%3cattribute%20name%3d%22msdyn_characteristic%22%2f%3e%3corde</WebPostString>
    <WebPostString>r%20attribute%3d%22msdyn_name%22%20descending%3d%22false%22%2f%3e%3c%2fentity%3e%3c%2ffetch%3e&amp;layoutXml=%3cgrid%20name%3d%22excelGrid%22%20select%3d%220%22%20icon%3d%220%22%20preview%3d%220%22%3e%3crow%20name%3d%22result%22%20id%</WebPostString>
    <WebPostString>3d%22msdyn_requirementcharacteristicid%22%3e%3ccell%20name%3d%22msdyn_name%22%20width%3d%22300%22%2f%3e%3ccell%20name%3d%22createdon%22%20width%3d%22125%22%2f%3e%3ccell%20name%3d%22msdyn_characteristic%22%20width%3d%22100%22%2f%3e</WebPostString>
    <WebPostString>%3ccell%20name%3d%22msdyn_ratingvalue%22%20width%3d%22100%22%2f%3e%3ccell%20name%3d%22msdyn_resourcerequirement%22%20width%3d%22100%22%2f%3e%3c%2frow%3e%3c%2fgrid%3e&amp;printAllPages=1</WebPostString>
    <VersionLastEdit>2</VersionLastEdit>
    <VersionLastRefresh>2</VersionLastRefresh>
   </QuerySource>
  </QueryTable>
  <DataValidation xmlns="urn:schemas-microsoft-com:office:excel">
   <Range>R2C3:R1048576C3</Range>
   <Type>Date</Type>
   <Qualifier>GreaterOrEqual</Qualifier>
   <Value>1</Value>
   <InputTitle>Date and time</InputTitle>
   <InputMessage> </InputMessage>
   <ErrorMessage>(Do Not Modify) Modified On must be in the correct date and time format.</ErrorMessage>
   <ErrorTitle>Invalid Date</ErrorTitle>
  </DataValidation>
  <DataValidation xmlns="urn:schemas-microsoft-com:office:excel">
   <Range>R2C6:R35C6,R2C4:R1048576C4,R2C8:R35C8,R81C8:R85C8</Range>
   <Type>TextLength</Type>
   <Qualifier>LessOrEqual</Qualifier>
   <UseBlank/>
   <Value>100</Value>
   <InputTitle>Text (required)</InputTitle>
   <InputMessage>Maximum Length: 100 characters.</InputMessage>
   <ErrorMessage>This value must be less than or equal to 100 characters long.</ErrorMessage>
   <ErrorTitle>Length Exceeded</ErrorTitle>
  </DataValidation>
  <DataValidation xmlns="urn:schemas-microsoft-com:office:excel">
   <Range>R2C5:R1048576C5</Range>
   <Type>Date</Type>
   <Qualifier>GreaterOrEqual</Qualifier>
   <Value>1</Value>
   <InputTitle>Date and time</InputTitle>
   <InputMessage> </InputMessage>
   <ErrorMessage>Created On must be in the correct date and time format.</ErrorMessage>
   <ErrorTitle>Invalid Date</ErrorTitle>
  </DataValidation>
  <DataValidation xmlns="urn:schemas-microsoft-com:office:excel">
   <Range>R81C6:R1048576C6</Range>
   <UseBlank/>
   <InputTitle>Lookup (required)</InputTitle>
   <InputMessage>This Characteristic record must already exist in Microsoft Dynamics CRM or in this source file.</InputMessage>
   <ErrorMessage> </ErrorMessage>
  </DataValidation>
  <DataValidation xmlns="urn:schemas-microsoft-com:office:excel">
   <Range>R2C7:R1048576C7</Range>
   <InputTitle>Lookup</InputTitle>
   <InputMessage>This Rating Value record must already exist in Microsoft Dynamics CRM or in this source file.</InputMessage>
   <ErrorMessage> </ErrorMessage>
  </DataValidation>
  <DataValidation xmlns="urn:schemas-microsoft-com:office:excel">
   <Range>R86C8:R1048576C8</Range>
   <UseBlank/>
   <InputTitle>Lookup (required)</InputTitle>
   <InputMessage>This Resource Requirement record must already exist in Microsoft Dynamics CRM or in this source file.</InputMessage>
   <ErrorMessage> </ErrorMessage>
  </DataValidation>
 </Worksheet>
 <Worksheet ss:Name="hiddenSheet">
  <Table ss:ExpandedColumnCount="1" ss:ExpandedRowCount="1" x:FullColumns="1"
   x:FullRows="1" ss:DefaultColumnWidth="51" ss:DefaultRowHeight="15">
   <Row ss:AutoFitHeight="0">
    <Cell><Data ss:Type="String">msdyn_requirementcharacteristic:z4PhNX7vuL3xVChQ1m2AB9Yg5AULVxXcg/SpIdNs6c5H0NE8XYXysP+DGNKHfuwvY7kxvUdBeoGlODJ6+SfaPg==:msdyn_requirementcharacteristicid=%28Do%20Not%20Modify%29%20Requirement%20Characteristic&amp;checksumLogicalName=%28Do%20Not%20Modify%29%20Row%20Checksum&amp;modifiedon=%28Do%20Not%20Modify%29%20Modified%20On&amp;msdyn_name=Name&amp;createdon=Created%20On&amp;msdyn_characteristic=Characteristic&amp;msdyn_ratingvalue=Rating%20Value&amp;msdyn_resourcerequirement=Resource%20Requirement</Data></Cell>
   </Row>
  </Table>
  <WorksheetOptions xmlns="urn:schemas-microsoft-com:office:excel">
   <PageSetup>
    <Header x:Margin="0.3"/>
    <Footer x:Margin="0.3"/>
    <PageMargins x:Bottom="0.75" x:Left="0.7" x:Right="0.7" x:Top="0.75"/>
   </PageSetup>
   <Unsynced/>
   <Visible>SheetVeryHidden</Visible>
   <ProtectObjects>False</ProtectObjects>
   <ProtectScenarios>False</ProtectScenarios>
  </WorksheetOptions>
 </Worksheet>
</Workbook>
