<Map Name="Resource Territory DM" Source="Import">
  <Description>Data map created automatically using the map settings specified during an import.</Description>
  <EntitiesPerFile>Single</EntitiesPerFile>
  <EntityMaps>
	<EntityMap TargetEntityName="msdyn_resourceterritory" SourceEntityName="Resource Territory" Dedupe="Ignore" ProcessCode="Process"><AttributeMaps><AttributeMap><SourceAttributeName>Territory</SourceAttributeName><TargetAttributeName>msdyn_territory</TargetAttributeName><ProcessCode>Process</ProcessCode><LookupMaps><LookupMap><LookupType>System</LookupType><LookupEntityName>territory</LookupEntityName><LookupAttributeName>name</LookupAttributeName><ProcessCode>Process</ProcessCode></LookupMap><LookupMap><LookupType>System</LookupType><LookupEntityName>territory</LookupEntityName><LookupAttributeName>territoryid</LookupAttributeName><ProcessCode>Process</ProcessCode></LookupMap></LookupMaps></AttributeMap><AttributeMap><SourceAttributeName>Resource</SourceAttributeName><TargetAttributeName>msdyn_resource</TargetAttributeName><ProcessCode>Process</ProcessCode><LookupMaps><LookupMap><LookupType>System</LookupType><LookupEntityName>bookableresource</LookupEntityName><LookupAttributeName>bookableresourceid</LookupAttributeName><ProcessCode>Process</ProcessCode></LookupMap><LookupMap><LookupType>System</LookupType><LookupEntityName>bookableresource</LookupEntityName><LookupAttributeName>name</LookupAttributeName><ProcessCode>Process</ProcessCode></LookupMap></LookupMaps></AttributeMap></AttributeMaps></EntityMap>
  </EntityMaps>
</Map>