<?xml version="1.0"?>
<?mso-application progid="Excel.Sheet"?>
<Workbook xmlns="urn:schemas-microsoft-com:office:spreadsheet"
 xmlns:o="urn:schemas-microsoft-com:office:office"
 xmlns:x="urn:schemas-microsoft-com:office:excel"
 xmlns:ss="urn:schemas-microsoft-com:office:spreadsheet"
 xmlns:html="http://www.w3.org/TR/REC-html40">
 <DocumentProperties xmlns="urn:schemas-microsoft-com:office:office">
  <Author>administrator</Author>
  <LastAuthor>Windows User</LastAuthor>
  <Created>2016-09-12T22:56:40Z</Created>
  <Version>15.00</Version>
 </DocumentProperties>
 <OfficeDocumentSettings xmlns="urn:schemas-microsoft-com:office:office">
  <AllowPNG/>
 </OfficeDocumentSettings>
 <ExcelWorkbook xmlns="urn:schemas-microsoft-com:office:excel">
  <WindowHeight>5805</WindowHeight>
  <WindowWidth>17235</WindowWidth>
  <WindowTopX>0</WindowTopX>
  <WindowTopY>0</WindowTopY>
  <ProtectStructure>False</ProtectStructure>
  <ProtectWindows>False</ProtectWindows>
 </ExcelWorkbook>
 <Styles>
  <Style ss:ID="Default" ss:Name="Normal">
   <Alignment ss:Vertical="Bottom"/>
   <Borders/>
   <Font ss:FontName="Calibri" x:Family="Swiss" ss:Size="11" ss:Color="#000000"/>
   <Interior/>
   <NumberFormat/>
   <Protection/>
  </Style>
 </Styles>
 <Worksheet ss:Name="Resource Territory">
  <Table ss:ExpandedColumnCount="2" ss:ExpandedRowCount="17" x:FullColumns="1"
   x:FullRows="1" ss:DefaultRowHeight="15">
   <Row>
    <Cell><Data ss:Type="String">Territory</Data></Cell>
    <Cell><Data ss:Type="String">Resource</Data></Cell>
   </Row>
   <Row>
    <Cell><Data ss:Type="String">WA</Data></Cell>
    <Cell><Data ss:Type="String">Brady Hannon</Data></Cell>
   </Row>
   <Row>
    <Cell><Data ss:Type="String">WA</Data></Cell>
    <Cell><Data ss:Type="String">Simon Raley</Data></Cell>
   </Row>
   <Row>
    <Cell><Data ss:Type="String">WA</Data></Cell>
    <Cell><Data ss:Type="String">Wilson Chew</Data></Cell>
   </Row>
   <Row>
    <Cell><Data ss:Type="String">WA</Data></Cell>
    <Cell><Data ss:Type="String">Edgar Dominquez</Data></Cell>
   </Row>
   <Row>
    <Cell><Data ss:Type="String">WA</Data></Cell>
    <Cell><Data ss:Type="String">Efrain Schreiner</Data></Cell>
   </Row>
   <Row>
    <Cell><Data ss:Type="String">WA</Data></Cell>
    <Cell><Data ss:Type="String">Joseph Gonsalves</Data></Cell>
   </Row>
   <Row>
    <Cell><Data ss:Type="String">WA</Data></Cell>
    <Cell><Data ss:Type="String">Matthew Everson</Data></Cell>
   </Row>
   <Row>
    <Cell><Data ss:Type="String">WA</Data></Cell>
    <Cell><Data ss:Type="String">Ricardo Seely</Data></Cell>
   </Row>
   <Row>
    <Cell><Data ss:Type="String">WA</Data></Cell>
    <Cell><Data ss:Type="String">Norbert Sandberg</Data></Cell>
   </Row>
   <Row>
    <Cell><Data ss:Type="String">WA</Data></Cell>
    <Cell><Data ss:Type="String">Van Amundson</Data></Cell>
   </Row>
   <Row>
    <Cell><Data ss:Type="String">WA</Data></Cell>
    <Cell><Data ss:Type="String">Samuel McBride</Data></Cell>
   </Row>
   <Row>
    <Cell><Data ss:Type="String">WA</Data></Cell>
    <Cell><Data ss:Type="String">Victor Timm</Data></Cell>
   </Row>
   <Row>
    <Cell><Data ss:Type="String">WA</Data></Cell>
    <Cell><Data ss:Type="String">Kris Nakamura</Data></Cell>
   </Row>
   <Row>
    <Cell><Data ss:Type="String">WA</Data></Cell>
    <Cell><Data ss:Type="String">Ryan Brim</Data></Cell>
   </Row>
   <Row>
    <Cell><Data ss:Type="String">WA</Data></Cell>
    <Cell><Data ss:Type="String">Luke Lundgren</Data></Cell>
   </Row>
   <Row>
    <Cell><Data ss:Type="String">WA</Data></Cell>
    <Cell><Data ss:Type="String">Jorge Gault</Data></Cell>
   </Row>
  </Table>
  <WorksheetOptions xmlns="urn:schemas-microsoft-com:office:excel">
   <PageSetup>
    <Header x:Margin="0.3"/>
    <Footer x:Margin="0.3"/>
    <PageMargins x:Bottom="0.75" x:Left="0.7" x:Right="0.7" x:Top="0.75"/>
   </PageSetup>
   <Selected/>
   <ProtectObjects>False</ProtectObjects>
   <ProtectScenarios>False</ProtectScenarios>
  </WorksheetOptions>
 </Worksheet>
</Workbook>
