<Map Name="Resource Pay Type DM" Source="Import">
  <Description>Data map created automatically using the map settings specified during an import.</Description>
  <EntitiesPerFile>Single</EntitiesPerFile>
  <EntityMaps>
    <EntityMap TargetEntityName="msdyn_resourcepaytype" SourceEntityName="Resource Pay Type" Dedupe="Ignore" ProcessCode="Process">
      <AttributeMaps>
        <AttributeMap>
          <SourceAttributeName>Name</SourceAttributeName>
          <TargetAttributeName>msdyn_name</TargetAttributeName>
          <ProcessCode>Process</ProcessCode>
        </AttributeMap>
        <AttributeMap>
          <SourceAttributeName>Hourly Markup %</SourceAttributeName>
          <TargetAttributeName>msdyn_hourlymarkup</TargetAttributeName>
          <ProcessCode>Process</ProcessCode>
        </AttributeMap>
      </AttributeMaps>
    </EntityMap>
  </EntityMaps>
</Map>