<Map Name="Territory DM" Source="Import">
  <Description>Data map created automatically using the map settings specified during an import.</Description>
  <EntitiesPerFile>Single</EntitiesPerFile>
  <EntityMaps>
	<EntityMap TargetEntityName="territory" SourceEntityName="Territory" Dedupe="Ignore" ProcessCode="Process">
      <AttributeMaps>
        <AttributeMap>
          <SourceAttributeName>Territory Name</SourceAttributeName>
          <TargetAttributeName>name</TargetAttributeName>
          <ProcessCode>Process</ProcessCode>
        </AttributeMap>
      </AttributeMaps>
    </EntityMap>
  </EntityMaps>
</Map>