Name,System Status,Default Sub-Status
Building Estimate,Open - Unscheduled,No
Ready for Dispatch,Open - Unscheduled,No
Purchase Order Required,Open - Unscheduled,No
Appointment Confirmed,Open - Scheduled,No
Waiting for Parts,Open - Unscheduled,No
Parts Received,Open - Unscheduled,No
Waiting for Customer Approval,Open - Completed,No
Follow Up Required - ASAP,Open - Completed,No
Follow Up Required - 30 Days,Open - Completed,No
Follow Up Required,Open - Completed,No
Customer Cancelled,Closed - Canceled,No
