<?xml version="1.0"?>
<?mso-application progid="Excel.Sheet"?>
<Workbook xmlns="urn:schemas-microsoft-com:office:spreadsheet"
 xmlns:o="urn:schemas-microsoft-com:office:office"
 xmlns:x="urn:schemas-microsoft-com:office:excel"
 xmlns:ss="urn:schemas-microsoft-com:office:spreadsheet"
 xmlns:html="http://www.w3.org/TR/REC-html40">
 <DocumentProperties xmlns="urn:schemas-microsoft-com:office:office">
  <Author>administrator</Author>
  <LastAuthor>Windows User</LastAuthor>
  <Created>2016-04-04T06:14:47Z</Created>
  <Version>16.00</Version>
 </DocumentProperties>
 <OfficeDocumentSettings xmlns="urn:schemas-microsoft-com:office:office">
  <AllowPNG/>
 </OfficeDocumentSettings>
 <ExcelWorkbook xmlns="urn:schemas-microsoft-com:office:excel">
  <WindowHeight>12135</WindowHeight>
  <WindowWidth>28800</WindowWidth>
  <WindowTopX>0</WindowTopX>
  <WindowTopY>0</WindowTopY>
  <ProtectStructure>False</ProtectStructure>
  <ProtectWindows>False</ProtectWindows>
 </ExcelWorkbook>
 <Styles>
  <Style ss:ID="Default" ss:Name="Normal">
   <Alignment ss:Vertical="Bottom"/>
   <Borders/>
   <Font ss:FontName="Calibri" x:Family="Swiss" ss:Size="11" ss:Color="#000000"/>
   <Interior/>
   <NumberFormat/>
   <Protection/>
  </Style>
 </Styles>
 <Worksheet ss:Name="WorkOrder">
  <Table ss:ExpandedColumnCount="17" ss:ExpandedRowCount="51" x:FullColumns="1"
   x:FullRows="1" ss:DefaultColumnWidth="51" ss:DefaultRowHeight="15">
   <Column ss:Index="2" ss:Width="158.625"/>
   <Column ss:Width="101.625"/>
   <Column ss:Width="158.625"/>
   <Row ss:AutoFitHeight="0">
    <Cell><Data ss:Type="String">Work Order Number</Data></Cell>
    <Cell><Data ss:Type="String">Service Account</Data></Cell>
    <Cell><Data ss:Type="String">System Status</Data></Cell>
    <Cell><Data ss:Type="String">Billing Account</Data></Cell>
    <Cell><Data ss:Type="String">Primary Incident Type</Data></Cell>
    <Cell><Data ss:Type="String">Work Order Type</Data></Cell>
    <Cell><Data ss:Type="String">Work Location</Data></Cell>
    <Cell><Data ss:Type="String">Service Territory</Data></Cell>
    <Cell><Data ss:Type="String">Price List</Data></Cell>
    <Cell><Data ss:Type="String">Taxable</Data></Cell>
    <Cell><Data ss:Type="String">Address1</Data></Cell>
    <Cell><Data ss:Type="String">Latitude</Data></Cell>
    <Cell><Data ss:Type="String">City</Data></Cell>
    <Cell><Data ss:Type="String">State Or Province</Data></Cell>
    <Cell><Data ss:Type="String">Postal Code</Data></Cell>
    <Cell><Data ss:Type="String">Country/Region</Data></Cell>
    <Cell><Data ss:Type="String">Longitude</Data></Cell>
   </Row>
   <Row ss:AutoFitHeight="0">
    <Cell ss:Index="2"><Data ss:Type="String">A. Datum Corporation (sample)</Data></Cell>
    <Cell><Data ss:Type="String">Open - Unscheduled</Data></Cell>
    <Cell><Data ss:Type="String">A. Datum Corporation (sample)</Data></Cell>
    <Cell><Data ss:Type="String">Fan Out</Data></Cell>
    <Cell><Data ss:Type="String">Service Call</Data></Cell>
    <Cell><Data ss:Type="String">On Site</Data></Cell>
    <Cell><Data ss:Type="String">WA</Data></Cell>
    <Cell><Data ss:Type="String">Default Price List</Data></Cell>
    <Cell><Data ss:Type="String">No</Data></Cell>
    <Cell><Data ss:Type="String">17196 NE Redmond Wy</Data></Cell>
    <Cell><Data ss:Type="Number">47.670964380000001</Data></Cell>
    <Cell><Data ss:Type="String">Redmond</Data></Cell>
    <Cell><Data ss:Type="String">WA</Data></Cell>
    <Cell><Data ss:Type="Number">98052</Data></Cell>
    <Cell><Data ss:Type="String">United States</Data></Cell>
    <Cell><Data ss:Type="Number">-122.111394</Data></Cell>
   </Row>
   <Row ss:AutoFitHeight="0">
    <Cell ss:Index="2"><Data ss:Type="String">Adventure Works (sample)</Data></Cell>
    <Cell><Data ss:Type="String">Open - Unscheduled</Data></Cell>
    <Cell><Data ss:Type="String">Adventure Works (sample)</Data></Cell>
    <Cell><Data ss:Type="String">Regulatory Inspection</Data></Cell>
    <Cell><Data ss:Type="String">Inspection</Data></Cell>
    <Cell><Data ss:Type="String">On Site</Data></Cell>
    <Cell><Data ss:Type="String">WA</Data></Cell>
    <Cell><Data ss:Type="String">Default Price List</Data></Cell>
    <Cell><Data ss:Type="String">No</Data></Cell>
    <Cell><Data ss:Type="String">17230 140th SE</Data></Cell>
    <Cell><Data ss:Type="Number">47.448146999999999</Data></Cell>
    <Cell><Data ss:Type="String">Renton</Data></Cell>
    <Cell><Data ss:Type="String">WA</Data></Cell>
    <Cell><Data ss:Type="Number">98058</Data></Cell>
    <Cell><Data ss:Type="String">United States</Data></Cell>
    <Cell><Data ss:Type="Number">-122.153839</Data></Cell>
   </Row>
   <Row ss:AutoFitHeight="0">
    <Cell ss:Index="2"><Data ss:Type="String">Alpine Ski House (sample)</Data></Cell>
    <Cell><Data ss:Type="String">Open - Unscheduled</Data></Cell>
    <Cell><Data ss:Type="String">Alpine Ski House (sample)</Data></Cell>
    <Cell><Data ss:Type="String">Camera Down</Data></Cell>
    <Cell><Data ss:Type="String">Service Call</Data></Cell>
    <Cell><Data ss:Type="String">On Site</Data></Cell>
    <Cell><Data ss:Type="String">WA</Data></Cell>
    <Cell><Data ss:Type="String">Default Price List</Data></Cell>
    <Cell><Data ss:Type="String">No</Data></Cell>
    <Cell><Data ss:Type="String">17901 108th Ave SE</Data></Cell>
    <Cell><Data ss:Type="Number">47.442433000000001</Data></Cell>
    <Cell><Data ss:Type="String">Renton</Data></Cell>
    <Cell><Data ss:Type="String">WA</Data></Cell>
    <Cell><Data ss:Type="Number">98005</Data></Cell>
    <Cell><Data ss:Type="String">United States</Data></Cell>
    <Cell><Data ss:Type="Number">-122.196974</Data></Cell>
   </Row>
   <Row ss:AutoFitHeight="0">
    <Cell ss:Index="2"><Data ss:Type="String">Bellows College</Data></Cell>
    <Cell><Data ss:Type="String">Open - Unscheduled</Data></Cell>
    <Cell><Data ss:Type="String">Bellows College</Data></Cell>
    <Cell><Data ss:Type="String">Thermostat is broken</Data></Cell>
    <Cell><Data ss:Type="String">Service Call</Data></Cell>
    <Cell><Data ss:Type="String">On Site</Data></Cell>
    <Cell><Data ss:Type="String">WA</Data></Cell>
    <Cell><Data ss:Type="String">Default Price List</Data></Cell>
    <Cell><Data ss:Type="String">No</Data></Cell>
    <Cell><Data ss:Type="String">18404 120th Avenue NE</Data></Cell>
    <Cell><Data ss:Type="Number">47.759356699999998</Data></Cell>
    <Cell><Data ss:Type="String">Bothell</Data></Cell>
    <Cell><Data ss:Type="String">WA</Data></Cell>
    <Cell><Data ss:Type="Number">98011</Data></Cell>
    <Cell><Data ss:Type="String">United States</Data></Cell>
    <Cell><Data ss:Type="Number">-122.1749678</Data></Cell>
   </Row>
   <Row ss:AutoFitHeight="0">
    <Cell ss:Index="2"><Data ss:Type="String">Bellows Hospital</Data></Cell>
    <Cell><Data ss:Type="String">Open - Unscheduled</Data></Cell>
    <Cell><Data ss:Type="String">Bellows Hospital</Data></Cell>
    <Cell><Data ss:Type="String">MRI Inspection</Data></Cell>
    <Cell><Data ss:Type="String">Inspection</Data></Cell>
    <Cell><Data ss:Type="String">On Site</Data></Cell>
    <Cell><Data ss:Type="String">WA</Data></Cell>
    <Cell><Data ss:Type="String">Default Price List</Data></Cell>
    <Cell><Data ss:Type="String">No</Data></Cell>
    <Cell><Data ss:Type="String">1410 E John St</Data></Cell>
    <Cell><Data ss:Type="Number">47.619942289999997</Data></Cell>
    <Cell><Data ss:Type="String">Seattle</Data></Cell>
    <Cell><Data ss:Type="String">WA</Data></Cell>
    <Cell><Data ss:Type="Number">98112</Data></Cell>
    <Cell><Data ss:Type="String">United States</Data></Cell>
    <Cell><Data ss:Type="Number">-122.3137436</Data></Cell>
   </Row>
   <Row ss:AutoFitHeight="0">
    <Cell ss:Index="2"><Data ss:Type="String">Best For You Organics Company</Data></Cell>
    <Cell><Data ss:Type="String">Open - Unscheduled</Data></Cell>
    <Cell><Data ss:Type="String">Best For You Organics Company</Data></Cell>
    <Cell><Data ss:Type="String">Fan Out</Data></Cell>
    <Cell><Data ss:Type="String">Service Call</Data></Cell>
    <Cell><Data ss:Type="String">On Site</Data></Cell>
    <Cell><Data ss:Type="String">WA</Data></Cell>
    <Cell><Data ss:Type="String">Default Price List</Data></Cell>
    <Cell><Data ss:Type="String">No</Data></Cell>
    <Cell><Data ss:Type="String">661 120TH Avenue NE</Data></Cell>
    <Cell><Data ss:Type="Number">47.616620939999997</Data></Cell>
    <Cell><Data ss:Type="String">Bellevue</Data></Cell>
    <Cell><Data ss:Type="String">WA</Data></Cell>
    <Cell><Data ss:Type="Number">98005</Data></Cell>
    <Cell><Data ss:Type="String">United States</Data></Cell>
    <Cell><Data ss:Type="Number">-122.1803937</Data></Cell>
   </Row>
   <Row ss:AutoFitHeight="0">
    <Cell ss:Index="2"><Data ss:Type="String">City Power &amp; Light (sample)</Data></Cell>
    <Cell><Data ss:Type="String">Open - Unscheduled</Data></Cell>
    <Cell><Data ss:Type="String">City Power &amp; Light (sample)</Data></Cell>
    <Cell><Data ss:Type="String">Fan Out</Data></Cell>
    <Cell><Data ss:Type="String">Service Call</Data></Cell>
    <Cell><Data ss:Type="String">On Site</Data></Cell>
    <Cell><Data ss:Type="String">WA</Data></Cell>
    <Cell><Data ss:Type="String">Default Price List</Data></Cell>
    <Cell><Data ss:Type="String">No</Data></Cell>
    <Cell><Data ss:Type="String">18921 Bothell Way N.E.</Data></Cell>
    <Cell><Data ss:Type="Number">47.762</Data></Cell>
    <Cell><Data ss:Type="String">Bothell</Data></Cell>
    <Cell><Data ss:Type="String">WA</Data></Cell>
    <Cell><Data ss:Type="Number">98011</Data></Cell>
    <Cell><Data ss:Type="String">United States</Data></Cell>
    <Cell><Data ss:Type="Number">-122.20740000000001</Data></Cell>
   </Row>
   <Row ss:AutoFitHeight="0">
    <Cell ss:Index="2"><Data ss:Type="String">Coho Diagnostic</Data></Cell>
    <Cell><Data ss:Type="String">Open - Unscheduled</Data></Cell>
    <Cell><Data ss:Type="String">Coho Diagnostic</Data></Cell>
    <Cell><Data ss:Type="String">MRI Cycle is too long</Data></Cell>
    <Cell><Data ss:Type="String">Service Call</Data></Cell>
    <Cell><Data ss:Type="String">On Site</Data></Cell>
    <Cell><Data ss:Type="String">WA</Data></Cell>
    <Cell><Data ss:Type="String">Default Price List</Data></Cell>
    <Cell><Data ss:Type="String">No</Data></Cell>
    <Cell><Data ss:Type="String">14130 Juanita Dr NE</Data></Cell>
    <Cell><Data ss:Type="Number">47.728675490000001</Data></Cell>
    <Cell><Data ss:Type="String">Bothell</Data></Cell>
    <Cell><Data ss:Type="String">WA</Data></Cell>
    <Cell><Data ss:Type="Number">98011</Data></Cell>
    <Cell><Data ss:Type="String">United States</Data></Cell>
    <Cell><Data ss:Type="Number">-122.2442669</Data></Cell>
   </Row>
   <Row ss:AutoFitHeight="0">
    <Cell ss:Index="2"><Data ss:Type="String">Coho Vineyard</Data></Cell>
    <Cell><Data ss:Type="String">Open - Unscheduled</Data></Cell>
    <Cell><Data ss:Type="String">Coho Vineyard</Data></Cell>
    <Cell><Data ss:Type="String">Regulatory Inspection</Data></Cell>
    <Cell><Data ss:Type="String">Inspection</Data></Cell>
    <Cell><Data ss:Type="String">On Site</Data></Cell>
    <Cell><Data ss:Type="String">WA</Data></Cell>
    <Cell><Data ss:Type="String">Default Price List</Data></Cell>
    <Cell><Data ss:Type="String">No</Data></Cell>
    <Cell><Data ss:Type="String">18931 Bothell Way NE</Data></Cell>
    <Cell><Data ss:Type="Number">47.765203339999999</Data></Cell>
    <Cell><Data ss:Type="String">Bothell</Data></Cell>
    <Cell><Data ss:Type="String">WA</Data></Cell>
    <Cell><Data ss:Type="Number">98011</Data></Cell>
    <Cell><Data ss:Type="String">United States</Data></Cell>
    <Cell><Data ss:Type="Number">-122.209187</Data></Cell>
   </Row>
   <Row ss:AutoFitHeight="0">
    <Cell ss:Index="2"><Data ss:Type="String">Coho Vineyard &amp; Winery</Data></Cell>
    <Cell><Data ss:Type="String">Open - Unscheduled</Data></Cell>
    <Cell><Data ss:Type="String">Coho Vineyard &amp; Winery</Data></Cell>
    <Cell><Data ss:Type="String">Thermostat is broken</Data></Cell>
    <Cell><Data ss:Type="String">Service Call</Data></Cell>
    <Cell><Data ss:Type="String">On Site</Data></Cell>
    <Cell><Data ss:Type="String">WA</Data></Cell>
    <Cell><Data ss:Type="String">Default Price List</Data></Cell>
    <Cell><Data ss:Type="String">No</Data></Cell>
    <Cell><Data ss:Type="String">2020 - 148th Ave NE</Data></Cell>
    <Cell><Data ss:Type="Number">47.628071900000002</Data></Cell>
    <Cell><Data ss:Type="String">Redmond</Data></Cell>
    <Cell><Data ss:Type="String">WA</Data></Cell>
    <Cell><Data ss:Type="Number">98052</Data></Cell>
    <Cell><Data ss:Type="String">United States</Data></Cell>
    <Cell><Data ss:Type="Number">-122.1430616</Data></Cell>
   </Row>
   <Row ss:AutoFitHeight="0">
    <Cell ss:Index="2"><Data ss:Type="String">Coho Winery (sample)</Data></Cell>
    <Cell><Data ss:Type="String">Open - Unscheduled</Data></Cell>
    <Cell><Data ss:Type="String">Coho Winery (sample)</Data></Cell>
    <Cell><Data ss:Type="String">Camera Down</Data></Cell>
    <Cell><Data ss:Type="String">Service Call</Data></Cell>
    <Cell><Data ss:Type="String">On Site</Data></Cell>
    <Cell><Data ss:Type="String">WA</Data></Cell>
    <Cell><Data ss:Type="String">Default Price List</Data></Cell>
    <Cell><Data ss:Type="String">No</Data></Cell>
    <Cell><Data ss:Type="String">200 S 3rd St</Data></Cell>
    <Cell><Data ss:Type="Number">47.479756070000001</Data></Cell>
    <Cell><Data ss:Type="String">Renton</Data></Cell>
    <Cell><Data ss:Type="String">WA</Data></Cell>
    <Cell><Data ss:Type="Number">98055</Data></Cell>
    <Cell><Data ss:Type="String">United States</Data></Cell>
    <Cell><Data ss:Type="Number">-122.2145829</Data></Cell>
   </Row>
   <Row ss:AutoFitHeight="0">
    <Cell ss:Index="2"><Data ss:Type="String">Consolidated Messenger</Data></Cell>
    <Cell><Data ss:Type="String">Open - Unscheduled</Data></Cell>
    <Cell><Data ss:Type="String">Consolidated Messenger</Data></Cell>
    <Cell><Data ss:Type="String">Camera Down</Data></Cell>
    <Cell><Data ss:Type="String">Service Call</Data></Cell>
    <Cell><Data ss:Type="String">On Site</Data></Cell>
    <Cell><Data ss:Type="String">WA</Data></Cell>
    <Cell><Data ss:Type="String">Default Price List</Data></Cell>
    <Cell><Data ss:Type="String">No</Data></Cell>
    <Cell><Data ss:Type="String">604 228th Ave NE</Data></Cell>
    <Cell><Data ss:Type="Number">47.614538750000001</Data></Cell>
    <Cell><Data ss:Type="String">Sammamish</Data></Cell>
    <Cell><Data ss:Type="String">WA</Data></Cell>
    <Cell><Data ss:Type="Number">98074</Data></Cell>
    <Cell><Data ss:Type="String">United States</Data></Cell>
    <Cell><Data ss:Type="Number">-122.0354047</Data></Cell>
   </Row>
   <Row ss:AutoFitHeight="0">
    <Cell ss:Index="2"><Data ss:Type="String">Contoso Hospital</Data></Cell>
    <Cell><Data ss:Type="String">Open - Unscheduled</Data></Cell>
    <Cell><Data ss:Type="String">Contoso Hospital</Data></Cell>
    <Cell><Data ss:Type="String">MRI Cycle is too long</Data></Cell>
    <Cell><Data ss:Type="String">Service Call</Data></Cell>
    <Cell><Data ss:Type="String">On Site</Data></Cell>
    <Cell><Data ss:Type="String">WA</Data></Cell>
    <Cell><Data ss:Type="String">Default Price List</Data></Cell>
    <Cell><Data ss:Type="String">No</Data></Cell>
    <Cell><Data ss:Type="String">11100 Roosevelt Way NE</Data></Cell>
    <Cell><Data ss:Type="Number">47.709393859999999</Data></Cell>
    <Cell><Data ss:Type="String">Seattle</Data></Cell>
    <Cell><Data ss:Type="String">WA</Data></Cell>
    <Cell><Data ss:Type="Number">98125</Data></Cell>
    <Cell><Data ss:Type="String">United States</Data></Cell>
    <Cell><Data ss:Type="Number">-122.3178417</Data></Cell>
   </Row>
   <Row ss:AutoFitHeight="0">
    <Cell ss:Index="2"><Data ss:Type="String">Contoso Pharmaceutical Storage</Data></Cell>
    <Cell><Data ss:Type="String">Open - Unscheduled</Data></Cell>
    <Cell><Data ss:Type="String">Contoso Pharmaceutical Storage</Data></Cell>
    <Cell><Data ss:Type="String">Camera Down</Data></Cell>
    <Cell><Data ss:Type="String">Service Call</Data></Cell>
    <Cell><Data ss:Type="String">On Site</Data></Cell>
    <Cell><Data ss:Type="String">WA</Data></Cell>
    <Cell><Data ss:Type="String">Default Price List</Data></Cell>
    <Cell><Data ss:Type="String">No</Data></Cell>
    <Cell><Data ss:Type="String">4011 S 164th</Data></Cell>
    <Cell><Data ss:Type="Number">47.456291950000001</Data></Cell>
    <Cell><Data ss:Type="String">Seattle</Data></Cell>
    <Cell><Data ss:Type="String">WA</Data></Cell>
    <Cell><Data ss:Type="Number">98188</Data></Cell>
    <Cell><Data ss:Type="String">United States</Data></Cell>
    <Cell><Data ss:Type="Number">-122.2831989</Data></Cell>
   </Row>
   <Row ss:AutoFitHeight="0">
    <Cell ss:Index="2"><Data ss:Type="String">Contoso Pharmaceuticals (sample)</Data></Cell>
    <Cell><Data ss:Type="String">Open - Unscheduled</Data></Cell>
    <Cell><Data ss:Type="String">Contoso Pharmaceuticals (sample)</Data></Cell>
    <Cell><Data ss:Type="String">Printer Issue</Data></Cell>
    <Cell><Data ss:Type="String">Service Call</Data></Cell>
    <Cell><Data ss:Type="String">On Site</Data></Cell>
    <Cell><Data ss:Type="String">WA</Data></Cell>
    <Cell><Data ss:Type="String">Default Price List</Data></Cell>
    <Cell><Data ss:Type="String">No</Data></Cell>
    <Cell><Data ss:Type="String">7301 164th Ave NE</Data></Cell>
    <Cell><Data ss:Type="Number">47.669710000000002</Data></Cell>
    <Cell><Data ss:Type="String">Redmond</Data></Cell>
    <Cell><Data ss:Type="String">WA</Data></Cell>
    <Cell><Data ss:Type="Number">98052</Data></Cell>
    <Cell><Data ss:Type="String">United States</Data></Cell>
    <Cell><Data ss:Type="Number">-122.121499</Data></Cell>
   </Row>
   <Row ss:AutoFitHeight="0">
    <Cell ss:Index="2"><Data ss:Type="String">Contoso Suites</Data></Cell>
    <Cell><Data ss:Type="String">Open - Unscheduled</Data></Cell>
    <Cell><Data ss:Type="String">Contoso Suites</Data></Cell>
    <Cell><Data ss:Type="String">MRI Cycle is too long</Data></Cell>
    <Cell><Data ss:Type="String">Service Call</Data></Cell>
    <Cell><Data ss:Type="String">On Site</Data></Cell>
    <Cell><Data ss:Type="String">WA</Data></Cell>
    <Cell><Data ss:Type="String">Default Price List</Data></Cell>
    <Cell><Data ss:Type="String">No</Data></Cell>
    <Cell><Data ss:Type="String">800 Convention Place</Data></Cell>
    <Cell><Data ss:Type="Number">47.610817160000003</Data></Cell>
    <Cell><Data ss:Type="String">Seattle</Data></Cell>
    <Cell><Data ss:Type="String">WA</Data></Cell>
    <Cell><Data ss:Type="Number">98101</Data></Cell>
    <Cell><Data ss:Type="String">United States</Data></Cell>
    <Cell><Data ss:Type="Number">-122.3318436</Data></Cell>
   </Row>
   <Row ss:AutoFitHeight="0">
    <Cell ss:Index="2"><Data ss:Type="String">Fabrikam Health Services</Data></Cell>
    <Cell><Data ss:Type="String">Open - Unscheduled</Data></Cell>
    <Cell><Data ss:Type="String">Fabrikam Health Services</Data></Cell>
    <Cell><Data ss:Type="String">Printer Issue</Data></Cell>
    <Cell><Data ss:Type="String">Service Call</Data></Cell>
    <Cell><Data ss:Type="String">On Site</Data></Cell>
    <Cell><Data ss:Type="String">WA</Data></Cell>
    <Cell><Data ss:Type="String">Default Price List</Data></Cell>
    <Cell><Data ss:Type="String">No</Data></Cell>
    <Cell><Data ss:Type="String">14215 SE Petrovitsky Road</Data></Cell>
    <Cell><Data ss:Type="Number">47.444928930000003</Data></Cell>
    <Cell><Data ss:Type="String">Renton</Data></Cell>
    <Cell><Data ss:Type="String">WA</Data></Cell>
    <Cell><Data ss:Type="Number">98058</Data></Cell>
    <Cell><Data ss:Type="String">United States</Data></Cell>
    <Cell><Data ss:Type="Number">-122.1512764</Data></Cell>
   </Row>
   <Row ss:AutoFitHeight="0">
    <Cell ss:Index="2"><Data ss:Type="String">Fabrikam Inc. (sample)</Data></Cell>
    <Cell><Data ss:Type="String">Open - Unscheduled</Data></Cell>
    <Cell><Data ss:Type="String">Fabrikam Inc. (sample)</Data></Cell>
    <Cell><Data ss:Type="String">Regulatory Inspection</Data></Cell>
    <Cell><Data ss:Type="String">Inspection</Data></Cell>
    <Cell><Data ss:Type="String">On Site</Data></Cell>
    <Cell><Data ss:Type="String">WA</Data></Cell>
    <Cell><Data ss:Type="String">Default Price List</Data></Cell>
    <Cell><Data ss:Type="String">No</Data></Cell>
    <Cell><Data ss:Type="String">7625 - 170th Ave NE</Data></Cell>
    <Cell><Data ss:Type="Number">47.671387269999997</Data></Cell>
    <Cell><Data ss:Type="String">Redmond</Data></Cell>
    <Cell><Data ss:Type="String">WA</Data></Cell>
    <Cell><Data ss:Type="Number">98052</Data></Cell>
    <Cell><Data ss:Type="String">United States</Data></Cell>
    <Cell><Data ss:Type="Number">-122.11309989999999</Data></Cell>
   </Row>
   <Row ss:AutoFitHeight="0">
    <Cell ss:Index="2"><Data ss:Type="String">Fabrikam Residences</Data></Cell>
    <Cell><Data ss:Type="String">Open - Unscheduled</Data></Cell>
    <Cell><Data ss:Type="String">Fabrikam Residences</Data></Cell>
    <Cell><Data ss:Type="String">Regulatory Inspection</Data></Cell>
    <Cell><Data ss:Type="String">Inspection</Data></Cell>
    <Cell><Data ss:Type="String">On Site</Data></Cell>
    <Cell><Data ss:Type="String">WA</Data></Cell>
    <Cell><Data ss:Type="String">Default Price List</Data></Cell>
    <Cell><Data ss:Type="String">No</Data></Cell>
    <Cell><Data ss:Type="String">2622 California Ave SW</Data></Cell>
    <Cell><Data ss:Type="Number">47.580728790000002</Data></Cell>
    <Cell><Data ss:Type="String">Seattle</Data></Cell>
    <Cell><Data ss:Type="String">WA</Data></Cell>
    <Cell><Data ss:Type="Number">98116</Data></Cell>
    <Cell><Data ss:Type="String">United States</Data></Cell>
    <Cell><Data ss:Type="Number">-122.3863867</Data></Cell>
   </Row>
   <Row ss:AutoFitHeight="0">
    <Cell ss:Index="2"><Data ss:Type="String">First Up Healthcare Consultants </Data></Cell>
    <Cell><Data ss:Type="String">Open - Unscheduled</Data></Cell>
    <Cell><Data ss:Type="String">First Up Healthcare Consultants </Data></Cell>
    <Cell><Data ss:Type="String">MRI Inspection</Data></Cell>
    <Cell><Data ss:Type="String">Inspection</Data></Cell>
    <Cell><Data ss:Type="String">On Site</Data></Cell>
    <Cell><Data ss:Type="String">WA</Data></Cell>
    <Cell><Data ss:Type="String">Default Price List</Data></Cell>
    <Cell><Data ss:Type="String">No</Data></Cell>
    <Cell><Data ss:Type="String">1645 140th Avenue N.E.</Data></Cell>
    <Cell><Data ss:Type="Number">47.624996629999998</Data></Cell>
    <Cell><Data ss:Type="String">Bellevue</Data></Cell>
    <Cell><Data ss:Type="String">WA</Data></Cell>
    <Cell><Data ss:Type="Number">98005</Data></Cell>
    <Cell><Data ss:Type="String">United States</Data></Cell>
    <Cell><Data ss:Type="Number">-122.1536986</Data></Cell>
   </Row>
   <Row ss:AutoFitHeight="0">
    <Cell ss:Index="2"><Data ss:Type="String">Fourth Coffee (sample)</Data></Cell>
    <Cell><Data ss:Type="String">Open - Unscheduled</Data></Cell>
    <Cell><Data ss:Type="String">Fourth Coffee (sample)</Data></Cell>
    <Cell><Data ss:Type="String">MRI Cycle is too long</Data></Cell>
    <Cell><Data ss:Type="String">Service Call</Data></Cell>
    <Cell><Data ss:Type="String">On Site</Data></Cell>
    <Cell><Data ss:Type="String">WA</Data></Cell>
    <Cell><Data ss:Type="String">Default Price List</Data></Cell>
    <Cell><Data ss:Type="String">No</Data></Cell>
    <Cell><Data ss:Type="String">44 Bellevue Way NE</Data></Cell>
    <Cell><Data ss:Type="Number">47.61056713</Data></Cell>
    <Cell><Data ss:Type="String">Bellevue</Data></Cell>
    <Cell><Data ss:Type="String">WA</Data></Cell>
    <Cell><Data ss:Type="Number">98004</Data></Cell>
    <Cell><Data ss:Type="String">United States</Data></Cell>
    <Cell><Data ss:Type="Number">-122.2015657</Data></Cell>
   </Row>
   <Row ss:AutoFitHeight="0">
    <Cell ss:Index="2"><Data ss:Type="String">Graphic Design Institute</Data></Cell>
    <Cell><Data ss:Type="String">Open - Unscheduled</Data></Cell>
    <Cell><Data ss:Type="String">Graphic Design Institute</Data></Cell>
    <Cell><Data ss:Type="String">Regulatory Inspection</Data></Cell>
    <Cell><Data ss:Type="String">Inspection</Data></Cell>
    <Cell><Data ss:Type="String">On Site</Data></Cell>
    <Cell><Data ss:Type="String">WA</Data></Cell>
    <Cell><Data ss:Type="String">Default Price List</Data></Cell>
    <Cell><Data ss:Type="String">No</Data></Cell>
    <Cell><Data ss:Type="String">400 Pine Street</Data></Cell>
    <Cell><Data ss:Type="Number">47.611233800000001</Data></Cell>
    <Cell><Data ss:Type="String">Seattle</Data></Cell>
    <Cell><Data ss:Type="String">WA</Data></Cell>
    <Cell><Data ss:Type="Number">98101</Data></Cell>
    <Cell><Data ss:Type="String">United States</Data></Cell>
    <Cell><Data ss:Type="Number">-122.337417</Data></Cell>
   </Row>
   <Row ss:AutoFitHeight="0">
    <Cell ss:Index="2"><Data ss:Type="String">Humongous Insurance</Data></Cell>
    <Cell><Data ss:Type="String">Open - Unscheduled</Data></Cell>
    <Cell><Data ss:Type="String">Humongous Insurance</Data></Cell>
    <Cell><Data ss:Type="String">Thermostat is broken</Data></Cell>
    <Cell><Data ss:Type="String">Service Call</Data></Cell>
    <Cell><Data ss:Type="String">On Site</Data></Cell>
    <Cell><Data ss:Type="String">WA</Data></Cell>
    <Cell><Data ss:Type="String">Default Price List</Data></Cell>
    <Cell><Data ss:Type="String">No</Data></Cell>
    <Cell><Data ss:Type="String">439 Rainier Avenue South</Data></Cell>
    <Cell><Data ss:Type="Number">47.477481619999999</Data></Cell>
    <Cell><Data ss:Type="String">Renton</Data></Cell>
    <Cell><Data ss:Type="String">WA</Data></Cell>
    <Cell><Data ss:Type="Number">98055</Data></Cell>
    <Cell><Data ss:Type="String">United States</Data></Cell>
    <Cell><Data ss:Type="Number">-122.215867</Data></Cell>
   </Row>
   <Row ss:AutoFitHeight="0">
    <Cell ss:Index="2"><Data ss:Type="String">Lamna Healthcare Company</Data></Cell>
    <Cell><Data ss:Type="String">Open - Unscheduled</Data></Cell>
    <Cell><Data ss:Type="String">Lamna Healthcare Company</Data></Cell>
    <Cell><Data ss:Type="String">Printer Issue</Data></Cell>
    <Cell><Data ss:Type="String">Service Call</Data></Cell>
    <Cell><Data ss:Type="String">On Site</Data></Cell>
    <Cell><Data ss:Type="String">WA</Data></Cell>
    <Cell><Data ss:Type="String">Default Price List</Data></Cell>
    <Cell><Data ss:Type="String">No</Data></Cell>
    <Cell><Data ss:Type="String">1617 Sixth Ave.</Data></Cell>
    <Cell><Data ss:Type="Number">47.612639180000002</Data></Cell>
    <Cell><Data ss:Type="String">Seattle</Data></Cell>
    <Cell><Data ss:Type="String">WA</Data></Cell>
    <Cell><Data ss:Type="Number">98101</Data></Cell>
    <Cell><Data ss:Type="String">United States</Data></Cell>
    <Cell><Data ss:Type="Number">-122.3360196</Data></Cell>
   </Row>
   <Row ss:AutoFitHeight="0">
    <Cell ss:Index="2"><Data ss:Type="String">Litware Facilities</Data></Cell>
    <Cell><Data ss:Type="String">Open - Unscheduled</Data></Cell>
    <Cell><Data ss:Type="String">Litware Facilities</Data></Cell>
    <Cell><Data ss:Type="String">Thermostat is broken</Data></Cell>
    <Cell><Data ss:Type="String">Service Call</Data></Cell>
    <Cell><Data ss:Type="String">On Site</Data></Cell>
    <Cell><Data ss:Type="String">WA</Data></Cell>
    <Cell><Data ss:Type="String">Default Price List</Data></Cell>
    <Cell><Data ss:Type="String">No</Data></Cell>
    <Cell><Data ss:Type="String">3560C 128th Avenue SE</Data></Cell>
    <Cell><Data ss:Type="Number">47.578885970000002</Data></Cell>
    <Cell><Data ss:Type="String">Bellevue</Data></Cell>
    <Cell><Data ss:Type="String">WA</Data></Cell>
    <Cell><Data ss:Type="Number">98006</Data></Cell>
    <Cell><Data ss:Type="String">United States</Data></Cell>
    <Cell><Data ss:Type="Number">-122.16919830000001</Data></Cell>
   </Row>
   <Row ss:AutoFitHeight="0">
    <Cell ss:Index="2"><Data ss:Type="String">Litware Hospital</Data></Cell>
    <Cell><Data ss:Type="String">Open - Unscheduled</Data></Cell>
    <Cell><Data ss:Type="String">Litware Hospital</Data></Cell>
    <Cell><Data ss:Type="String">MRI Cycle is too long</Data></Cell>
    <Cell><Data ss:Type="String">Service Call</Data></Cell>
    <Cell><Data ss:Type="String">On Site</Data></Cell>
    <Cell><Data ss:Type="String">WA</Data></Cell>
    <Cell><Data ss:Type="String">Default Price List</Data></Cell>
    <Cell><Data ss:Type="String">No</Data></Cell>
    <Cell><Data ss:Type="String">16500 N.E. 74th</Data></Cell>
    <Cell><Data ss:Type="Number">47.670603499999999</Data></Cell>
    <Cell><Data ss:Type="String">Redmond</Data></Cell>
    <Cell><Data ss:Type="String">WA</Data></Cell>
    <Cell><Data ss:Type="Number">98052</Data></Cell>
    <Cell><Data ss:Type="String">United States</Data></Cell>
    <Cell><Data ss:Type="Number">-122.121555</Data></Cell>
   </Row>
   <Row ss:AutoFitHeight="0">
    <Cell ss:Index="2"><Data ss:Type="String">Lucerne Diagnostic</Data></Cell>
    <Cell><Data ss:Type="String">Open - Unscheduled</Data></Cell>
    <Cell><Data ss:Type="String">Lucerne Diagnostic</Data></Cell>
    <Cell><Data ss:Type="String">MRI Inspection</Data></Cell>
    <Cell><Data ss:Type="String">Inspection</Data></Cell>
    <Cell><Data ss:Type="String">On Site</Data></Cell>
    <Cell><Data ss:Type="String">WA</Data></Cell>
    <Cell><Data ss:Type="String">Default Price List</Data></Cell>
    <Cell><Data ss:Type="String">No</Data></Cell>
    <Cell><Data ss:Type="String">1423 NW Market St</Data></Cell>
    <Cell><Data ss:Type="Number">47.668672110000003</Data></Cell>
    <Cell><Data ss:Type="String">Seattle</Data></Cell>
    <Cell><Data ss:Type="String">WA</Data></Cell>
    <Cell><Data ss:Type="Number">98107</Data></Cell>
    <Cell><Data ss:Type="String">United States</Data></Cell>
    <Cell><Data ss:Type="Number">-122.3743078</Data></Cell>
   </Row>
   <Row ss:AutoFitHeight="0">
    <Cell ss:Index="2"><Data ss:Type="String">Lucerne Publishing</Data></Cell>
    <Cell><Data ss:Type="String">Open - Unscheduled</Data></Cell>
    <Cell><Data ss:Type="String">Lucerne Publishing</Data></Cell>
    <Cell><Data ss:Type="String">Regulatory Inspection</Data></Cell>
    <Cell><Data ss:Type="String">Inspection</Data></Cell>
    <Cell><Data ss:Type="String">On Site</Data></Cell>
    <Cell><Data ss:Type="String">WA</Data></Cell>
    <Cell><Data ss:Type="String">Default Price List</Data></Cell>
    <Cell><Data ss:Type="String">No</Data></Cell>
    <Cell><Data ss:Type="String">4851 Lakemont Blvd SE</Data></Cell>
    <Cell><Data ss:Type="Number">47.535558719999997</Data></Cell>
    <Cell><Data ss:Type="String">Bellevue</Data></Cell>
    <Cell><Data ss:Type="String">WA</Data></Cell>
    <Cell><Data ss:Type="Number">98006</Data></Cell>
    <Cell><Data ss:Type="String">United States</Data></Cell>
    <Cell><Data ss:Type="Number">-122.1289323</Data></Cell>
   </Row>
   <Row ss:AutoFitHeight="0">
    <Cell ss:Index="2"><Data ss:Type="String">Margie's Travel</Data></Cell>
    <Cell><Data ss:Type="String">Open - Unscheduled</Data></Cell>
    <Cell><Data ss:Type="String">Margie's Travel</Data></Cell>
    <Cell><Data ss:Type="String">Camera Down</Data></Cell>
    <Cell><Data ss:Type="String">Service Call</Data></Cell>
    <Cell><Data ss:Type="String">On Site</Data></Cell>
    <Cell><Data ss:Type="String">WA</Data></Cell>
    <Cell><Data ss:Type="String">Default Price List</Data></Cell>
    <Cell><Data ss:Type="String">No</Data></Cell>
    <Cell><Data ss:Type="String">4754 42nd Ave SW</Data></Cell>
    <Cell><Data ss:Type="Number">47.560130000000001</Data></Cell>
    <Cell><Data ss:Type="String">Seattle</Data></Cell>
    <Cell><Data ss:Type="String">WA</Data></Cell>
    <Cell><Data ss:Type="Number">98116</Data></Cell>
    <Cell><Data ss:Type="String">United States</Data></Cell>
    <Cell><Data ss:Type="Number">-122.3853</Data></Cell>
   </Row>
   <Row ss:AutoFitHeight="0">
    <Cell ss:Index="2"><Data ss:Type="String">Munson's Pickles and Preserves Farm</Data></Cell>
    <Cell><Data ss:Type="String">Open - Unscheduled</Data></Cell>
    <Cell><Data ss:Type="String">Munson's Pickles and Preserves Farm</Data></Cell>
    <Cell><Data ss:Type="String">Thermostat is broken</Data></Cell>
    <Cell><Data ss:Type="String">Service Call</Data></Cell>
    <Cell><Data ss:Type="String">On Site</Data></Cell>
    <Cell><Data ss:Type="String">WA</Data></Cell>
    <Cell><Data ss:Type="String">Default Price List</Data></Cell>
    <Cell><Data ss:Type="String">No</Data></Cell>
    <Cell><Data ss:Type="String">626 NE 106TH</Data></Cell>
    <Cell><Data ss:Type="Number">47.615744999999997</Data></Cell>
    <Cell><Data ss:Type="String">Bellevue</Data></Cell>
    <Cell><Data ss:Type="String">WA</Data></Cell>
    <Cell><Data ss:Type="Number">98004</Data></Cell>
    <Cell><Data ss:Type="String">United States</Data></Cell>
    <Cell><Data ss:Type="Number">-122.19870899999999</Data></Cell>
   </Row>
   <Row ss:AutoFitHeight="0">
    <Cell ss:Index="2"><Data ss:Type="String">Nod Publishers</Data></Cell>
    <Cell><Data ss:Type="String">Open - Unscheduled</Data></Cell>
    <Cell><Data ss:Type="String">Nod Publishers</Data></Cell>
    <Cell><Data ss:Type="String">MRI Cycle is too long</Data></Cell>
    <Cell><Data ss:Type="String">Service Call</Data></Cell>
    <Cell><Data ss:Type="String">On Site</Data></Cell>
    <Cell><Data ss:Type="String">WA</Data></Cell>
    <Cell><Data ss:Type="String">Default Price List</Data></Cell>
    <Cell><Data ss:Type="String">No</Data></Cell>
    <Cell><Data ss:Type="String">417 Broadway E</Data></Cell>
    <Cell><Data ss:Type="Number">47.622145029999999</Data></Cell>
    <Cell><Data ss:Type="String">Seattle</Data></Cell>
    <Cell><Data ss:Type="String">WA</Data></Cell>
    <Cell><Data ss:Type="Number">98102</Data></Cell>
    <Cell><Data ss:Type="String">United States</Data></Cell>
    <Cell><Data ss:Type="Number">-122.3208606</Data></Cell>
   </Row>
   <Row ss:AutoFitHeight="0">
    <Cell ss:Index="2"><Data ss:Type="String">Northwind Electric Cars</Data></Cell>
    <Cell><Data ss:Type="String">Open - Unscheduled</Data></Cell>
    <Cell><Data ss:Type="String">Northwind Electric Cars</Data></Cell>
    <Cell><Data ss:Type="String">Camera Down</Data></Cell>
    <Cell><Data ss:Type="String">Service Call</Data></Cell>
    <Cell><Data ss:Type="String">On Site</Data></Cell>
    <Cell><Data ss:Type="String">WA</Data></Cell>
    <Cell><Data ss:Type="String">Default Price List</Data></Cell>
    <Cell><Data ss:Type="String">No</Data></Cell>
    <Cell><Data ss:Type="String">2707 Rainier Avenue South</Data></Cell>
    <Cell><Data ss:Type="Number">47.5792</Data></Cell>
    <Cell><Data ss:Type="String">Seattle</Data></Cell>
    <Cell><Data ss:Type="String">WA</Data></Cell>
    <Cell><Data ss:Type="Number">98144</Data></Cell>
    <Cell><Data ss:Type="String">United States</Data></Cell>
    <Cell><Data ss:Type="Number">-122.29881399999999</Data></Cell>
   </Row>
   <Row ss:AutoFitHeight="0">
    <Cell ss:Index="2"><Data ss:Type="String">Northwind Medical Systems</Data></Cell>
    <Cell><Data ss:Type="String">Open - Unscheduled</Data></Cell>
    <Cell><Data ss:Type="String">Northwind Medical Systems</Data></Cell>
    <Cell><Data ss:Type="String">Printer Issue</Data></Cell>
    <Cell><Data ss:Type="String">Service Call</Data></Cell>
    <Cell><Data ss:Type="String">On Site</Data></Cell>
    <Cell><Data ss:Type="String">WA</Data></Cell>
    <Cell><Data ss:Type="String">Default Price List</Data></Cell>
    <Cell><Data ss:Type="String">No</Data></Cell>
    <Cell><Data ss:Type="String">1401 Broadway</Data></Cell>
    <Cell><Data ss:Type="Number">47.612890120000003</Data></Cell>
    <Cell><Data ss:Type="String">Seattle</Data></Cell>
    <Cell><Data ss:Type="String">WA</Data></Cell>
    <Cell><Data ss:Type="Number">98122</Data></Cell>
    <Cell><Data ss:Type="String">United States</Data></Cell>
    <Cell><Data ss:Type="Number">-122.320724</Data></Cell>
   </Row>
   <Row ss:AutoFitHeight="0">
    <Cell ss:Index="2"><Data ss:Type="String">Northwind Traders</Data></Cell>
    <Cell><Data ss:Type="String">Open - Unscheduled</Data></Cell>
    <Cell><Data ss:Type="String">Northwind Traders</Data></Cell>
    <Cell><Data ss:Type="String">Camera Down</Data></Cell>
    <Cell><Data ss:Type="String">Service Call</Data></Cell>
    <Cell><Data ss:Type="String">On Site</Data></Cell>
    <Cell><Data ss:Type="String">WA</Data></Cell>
    <Cell><Data ss:Type="String">Default Price List</Data></Cell>
    <Cell><Data ss:Type="String">No</Data></Cell>
    <Cell><Data ss:Type="String">4300 NE 4th</Data></Cell>
    <Cell><Data ss:Type="Number">47.48883</Data></Cell>
    <Cell><Data ss:Type="String">Renton</Data></Cell>
    <Cell><Data ss:Type="String">WA</Data></Cell>
    <Cell><Data ss:Type="Number">98056</Data></Cell>
    <Cell><Data ss:Type="String">United States</Data></Cell>
    <Cell><Data ss:Type="Number">-122.16368</Data></Cell>
   </Row>
   <Row ss:AutoFitHeight="0">
    <Cell ss:Index="2"><Data ss:Type="String">Proseware Diagnostic</Data></Cell>
    <Cell><Data ss:Type="String">Open - Unscheduled</Data></Cell>
    <Cell><Data ss:Type="String">Proseware Diagnostic</Data></Cell>
    <Cell><Data ss:Type="String">MRI Cycle is too long</Data></Cell>
    <Cell><Data ss:Type="String">Service Call</Data></Cell>
    <Cell><Data ss:Type="String">On Site</Data></Cell>
    <Cell><Data ss:Type="String">WA</Data></Cell>
    <Cell><Data ss:Type="String">Default Price List</Data></Cell>
    <Cell><Data ss:Type="String">No</Data></Cell>
    <Cell><Data ss:Type="String">15000 NE 24th Street</Data></Cell>
    <Cell><Data ss:Type="Number">47.631553289999999</Data></Cell>
    <Cell><Data ss:Type="String">Redmond</Data></Cell>
    <Cell><Data ss:Type="String">WA</Data></Cell>
    <Cell><Data ss:Type="Number">98052</Data></Cell>
    <Cell><Data ss:Type="String">United States</Data></Cell>
    <Cell><Data ss:Type="Number">-122.1400986</Data></Cell>
   </Row>
   <Row ss:AutoFitHeight="0">
    <Cell ss:Index="2"><Data ss:Type="String">Proseware Inc.</Data></Cell>
    <Cell><Data ss:Type="String">Open - Unscheduled</Data></Cell>
    <Cell><Data ss:Type="String">Proseware Inc.</Data></Cell>
    <Cell><Data ss:Type="String">Fan Out</Data></Cell>
    <Cell><Data ss:Type="String">Service Call</Data></Cell>
    <Cell><Data ss:Type="String">On Site</Data></Cell>
    <Cell><Data ss:Type="String">WA</Data></Cell>
    <Cell><Data ss:Type="String">Default Price List</Data></Cell>
    <Cell><Data ss:Type="String">No</Data></Cell>
    <Cell><Data ss:Type="String">516 1st Ave W</Data></Cell>
    <Cell><Data ss:Type="Number">47.62360382</Data></Cell>
    <Cell><Data ss:Type="String">Seattle</Data></Cell>
    <Cell><Data ss:Type="String">WA</Data></Cell>
    <Cell><Data ss:Type="Number">98109</Data></Cell>
    <Cell><Data ss:Type="String">United States</Data></Cell>
    <Cell><Data ss:Type="Number">-122.3552933</Data></Cell>
   </Row>
   <Row ss:AutoFitHeight="0">
    <Cell ss:Index="2"><Data ss:Type="String">Relecloud</Data></Cell>
    <Cell><Data ss:Type="String">Open - Unscheduled</Data></Cell>
    <Cell><Data ss:Type="String">Relecloud</Data></Cell>
    <Cell><Data ss:Type="String">Fan Out</Data></Cell>
    <Cell><Data ss:Type="String">Service Call</Data></Cell>
    <Cell><Data ss:Type="String">On Site</Data></Cell>
    <Cell><Data ss:Type="String">WA</Data></Cell>
    <Cell><Data ss:Type="String">Default Price List</Data></Cell>
    <Cell><Data ss:Type="String">No</Data></Cell>
    <Cell><Data ss:Type="String">2020 Maltby Road</Data></Cell>
    <Cell><Data ss:Type="Number">47.809316299999999</Data></Cell>
    <Cell><Data ss:Type="String">Bothell</Data></Cell>
    <Cell><Data ss:Type="String">WA</Data></Cell>
    <Cell><Data ss:Type="Number">98021</Data></Cell>
    <Cell><Data ss:Type="String">United States</Data></Cell>
    <Cell><Data ss:Type="Number">-122.2066931</Data></Cell>
   </Row>
   <Row ss:AutoFitHeight="0">
    <Cell ss:Index="2"><Data ss:Type="String">School of Fine Art</Data></Cell>
    <Cell><Data ss:Type="String">Open - Unscheduled</Data></Cell>
    <Cell><Data ss:Type="String">School of Fine Art</Data></Cell>
    <Cell><Data ss:Type="String">Regulatory Inspection</Data></Cell>
    <Cell><Data ss:Type="String">Inspection</Data></Cell>
    <Cell><Data ss:Type="String">On Site</Data></Cell>
    <Cell><Data ss:Type="String">WA</Data></Cell>
    <Cell><Data ss:Type="String">Default Price List</Data></Cell>
    <Cell><Data ss:Type="String">No</Data></Cell>
    <Cell><Data ss:Type="String">2100 Queen Anne Ave N</Data></Cell>
    <Cell><Data ss:Type="Number">47.6372</Data></Cell>
    <Cell><Data ss:Type="String">Seattle</Data></Cell>
    <Cell><Data ss:Type="String">WA</Data></Cell>
    <Cell><Data ss:Type="Number">98109</Data></Cell>
    <Cell><Data ss:Type="String">United States</Data></Cell>
    <Cell><Data ss:Type="Number">-122.356899</Data></Cell>
   </Row>
   <Row ss:AutoFitHeight="0">
    <Cell ss:Index="2"><Data ss:Type="String">Southridge Medical Device Corp</Data></Cell>
    <Cell><Data ss:Type="String">Open - Unscheduled</Data></Cell>
    <Cell><Data ss:Type="String">Southridge Medical Device Corp</Data></Cell>
    <Cell><Data ss:Type="String">Printer Issue</Data></Cell>
    <Cell><Data ss:Type="String">Service Call</Data></Cell>
    <Cell><Data ss:Type="String">On Site</Data></Cell>
    <Cell><Data ss:Type="String">WA</Data></Cell>
    <Cell><Data ss:Type="String">Default Price List</Data></Cell>
    <Cell><Data ss:Type="String">No</Data></Cell>
    <Cell><Data ss:Type="String">15332 Aurora Ave N</Data></Cell>
    <Cell><Data ss:Type="Number">47.74065564</Data></Cell>
    <Cell><Data ss:Type="String">Seattle</Data></Cell>
    <Cell><Data ss:Type="String">WA</Data></Cell>
    <Cell><Data ss:Type="Number">98133</Data></Cell>
    <Cell><Data ss:Type="String">United States</Data></Cell>
    <Cell><Data ss:Type="Number">-122.3452717</Data></Cell>
   </Row>
   <Row ss:AutoFitHeight="0">
    <Cell ss:Index="2"><Data ss:Type="String">Southridge Video</Data></Cell>
    <Cell><Data ss:Type="String">Open - Unscheduled</Data></Cell>
    <Cell><Data ss:Type="String">Southridge Video</Data></Cell>
    <Cell><Data ss:Type="String">Camera Down</Data></Cell>
    <Cell><Data ss:Type="String">Service Call</Data></Cell>
    <Cell><Data ss:Type="String">On Site</Data></Cell>
    <Cell><Data ss:Type="String">WA</Data></Cell>
    <Cell><Data ss:Type="String">Default Price List</Data></Cell>
    <Cell><Data ss:Type="String">No</Data></Cell>
    <Cell><Data ss:Type="String">22833 Bothell Way SE</Data></Cell>
    <Cell><Data ss:Type="Number">47.790872999999998</Data></Cell>
    <Cell><Data ss:Type="String">Bothell</Data></Cell>
    <Cell><Data ss:Type="String">WA</Data></Cell>
    <Cell><Data ss:Type="Number">98021</Data></Cell>
    <Cell><Data ss:Type="String">United States</Data></Cell>
    <Cell><Data ss:Type="Number">-122.216835</Data></Cell>
   </Row>
   <Row ss:AutoFitHeight="0">
    <Cell ss:Index="2"><Data ss:Type="String">Tailsplin Toys Storage Facility</Data></Cell>
    <Cell><Data ss:Type="String">Open - Unscheduled</Data></Cell>
    <Cell><Data ss:Type="String">Tailsplin Toys Storage Facility</Data></Cell>
    <Cell><Data ss:Type="String">Thermostat is broken</Data></Cell>
    <Cell><Data ss:Type="String">Service Call</Data></Cell>
    <Cell><Data ss:Type="String">On Site</Data></Cell>
    <Cell><Data ss:Type="String">WA</Data></Cell>
    <Cell><Data ss:Type="String">Default Price List</Data></Cell>
    <Cell><Data ss:Type="String">No</Data></Cell>
    <Cell><Data ss:Type="String">2500 SW Barton</Data></Cell>
    <Cell><Data ss:Type="Number">47.521099999999997</Data></Cell>
    <Cell><Data ss:Type="String">Seattle</Data></Cell>
    <Cell><Data ss:Type="String">WA</Data></Cell>
    <Cell><Data ss:Type="Number">98126</Data></Cell>
    <Cell><Data ss:Type="String">United States</Data></Cell>
    <Cell><Data ss:Type="Number">-122.3652</Data></Cell>
   </Row>
   <Row ss:AutoFitHeight="0">
    <Cell ss:Index="2"><Data ss:Type="String">The Phone Company</Data></Cell>
    <Cell><Data ss:Type="String">Open - Unscheduled</Data></Cell>
    <Cell><Data ss:Type="String">The Phone Company</Data></Cell>
    <Cell><Data ss:Type="String">Fan Out</Data></Cell>
    <Cell><Data ss:Type="String">Service Call</Data></Cell>
    <Cell><Data ss:Type="String">On Site</Data></Cell>
    <Cell><Data ss:Type="String">WA</Data></Cell>
    <Cell><Data ss:Type="String">Default Price List</Data></Cell>
    <Cell><Data ss:Type="String">No</Data></Cell>
    <Cell><Data ss:Type="String">601 108th Avenue NE</Data></Cell>
    <Cell><Data ss:Type="Number">47.615531709999999</Data></Cell>
    <Cell><Data ss:Type="String">Bellevue</Data></Cell>
    <Cell><Data ss:Type="String">WA</Data></Cell>
    <Cell><Data ss:Type="Number">98004</Data></Cell>
    <Cell><Data ss:Type="String">United States</Data></Cell>
    <Cell><Data ss:Type="Number">-122.1963243</Data></Cell>
   </Row>
   <Row ss:AutoFitHeight="0">
    <Cell ss:Index="2"><Data ss:Type="String">Trey Diagnostic</Data></Cell>
    <Cell><Data ss:Type="String">Open - Unscheduled</Data></Cell>
    <Cell><Data ss:Type="String">Trey Diagnostic</Data></Cell>
    <Cell><Data ss:Type="String">MRI Cycle is too long</Data></Cell>
    <Cell><Data ss:Type="String">Service Call</Data></Cell>
    <Cell><Data ss:Type="String">On Site</Data></Cell>
    <Cell><Data ss:Type="String">WA</Data></Cell>
    <Cell><Data ss:Type="String">Default Price List</Data></Cell>
    <Cell><Data ss:Type="String">No</Data></Cell>
    <Cell><Data ss:Type="String">15738 Redmond Way</Data></Cell>
    <Cell><Data ss:Type="Number">47.674293519999999</Data></Cell>
    <Cell><Data ss:Type="String">Redmond</Data></Cell>
    <Cell><Data ss:Type="String">WA</Data></Cell>
    <Cell><Data ss:Type="Number">98052</Data></Cell>
    <Cell><Data ss:Type="String">United States</Data></Cell>
    <Cell><Data ss:Type="Number">-122.12964270000001</Data></Cell>
   </Row>
   <Row ss:AutoFitHeight="0">
    <Cell ss:Index="2"><Data ss:Type="String">Trey Research</Data></Cell>
    <Cell><Data ss:Type="String">Open - Unscheduled</Data></Cell>
    <Cell><Data ss:Type="String">Trey Research</Data></Cell>
    <Cell><Data ss:Type="String">Fan Out</Data></Cell>
    <Cell><Data ss:Type="String">Service Call</Data></Cell>
    <Cell><Data ss:Type="String">On Site</Data></Cell>
    <Cell><Data ss:Type="String">WA</Data></Cell>
    <Cell><Data ss:Type="String">Default Price List</Data></Cell>
    <Cell><Data ss:Type="String">No</Data></Cell>
    <Cell><Data ss:Type="String">2580 S 156th St</Data></Cell>
    <Cell><Data ss:Type="Number">47.463951010000002</Data></Cell>
    <Cell><Data ss:Type="String">Seattle</Data></Cell>
    <Cell><Data ss:Type="String">WA</Data></Cell>
    <Cell><Data ss:Type="Number">98158</Data></Cell>
    <Cell><Data ss:Type="String">United States</Data></Cell>
    <Cell><Data ss:Type="Number">-122.2992089</Data></Cell>
   </Row>
   <Row ss:AutoFitHeight="0">
    <Cell ss:Index="2"><Data ss:Type="String">VanArsdel Ltd.</Data></Cell>
    <Cell><Data ss:Type="String">Open - Unscheduled</Data></Cell>
    <Cell><Data ss:Type="String">VanArsdel Ltd.</Data></Cell>
    <Cell><Data ss:Type="String">Thermostat is broken</Data></Cell>
    <Cell><Data ss:Type="String">Service Call</Data></Cell>
    <Cell><Data ss:Type="String">On Site</Data></Cell>
    <Cell><Data ss:Type="String">WA</Data></Cell>
    <Cell><Data ss:Type="String">Default Price List</Data></Cell>
    <Cell><Data ss:Type="String">No</Data></Cell>
    <Cell><Data ss:Type="String">3016 Issaquah-Pine Lake Road  SE</Data></Cell>
    <Cell><Data ss:Type="Number">47.581672740000002</Data></Cell>
    <Cell><Data ss:Type="String">Sammamish</Data></Cell>
    <Cell><Data ss:Type="String">WA</Data></Cell>
    <Cell><Data ss:Type="Number">98075</Data></Cell>
    <Cell><Data ss:Type="String">United States</Data></Cell>
    <Cell><Data ss:Type="Number">-122.0334326</Data></Cell>
   </Row>
   <Row ss:AutoFitHeight="0">
    <Cell ss:Index="2"><Data ss:Type="String">VanArsdel Storage</Data></Cell>
    <Cell><Data ss:Type="String">Open - Unscheduled</Data></Cell>
    <Cell><Data ss:Type="String">VanArsdel Storage</Data></Cell>
    <Cell><Data ss:Type="String">Fan Out</Data></Cell>
    <Cell><Data ss:Type="String">Service Call</Data></Cell>
    <Cell><Data ss:Type="String">On Site</Data></Cell>
    <Cell><Data ss:Type="String">WA</Data></Cell>
    <Cell><Data ss:Type="String">Default Price List</Data></Cell>
    <Cell><Data ss:Type="String">No</Data></Cell>
    <Cell><Data ss:Type="String">3720 SE 128th Street</Data></Cell>
    <Cell><Data ss:Type="Number">47.577522999999999</Data></Cell>
    <Cell><Data ss:Type="String">Bellevue</Data></Cell>
    <Cell><Data ss:Type="String">WA</Data></Cell>
    <Cell><Data ss:Type="Number">98006</Data></Cell>
    <Cell><Data ss:Type="String">United States</Data></Cell>
    <Cell><Data ss:Type="Number">-122.170265</Data></Cell>
   </Row>
   <Row ss:AutoFitHeight="0">
    <Cell ss:Index="2"><Data ss:Type="String">Wide World Importers</Data></Cell>
    <Cell><Data ss:Type="String">Open - Unscheduled</Data></Cell>
    <Cell><Data ss:Type="String">Wide World Importers</Data></Cell>
    <Cell><Data ss:Type="String">Fan Out</Data></Cell>
    <Cell><Data ss:Type="String">Service Call</Data></Cell>
    <Cell><Data ss:Type="String">On Site</Data></Cell>
    <Cell><Data ss:Type="String">WA</Data></Cell>
    <Cell><Data ss:Type="String">Default Price List</Data></Cell>
    <Cell><Data ss:Type="String">No</Data></Cell>
    <Cell><Data ss:Type="String">305 Harrison Street</Data></Cell>
    <Cell><Data ss:Type="Number">47.622011839999999</Data></Cell>
    <Cell><Data ss:Type="String">Seattle</Data></Cell>
    <Cell><Data ss:Type="String">WA</Data></Cell>
    <Cell><Data ss:Type="Number">98109</Data></Cell>
    <Cell><Data ss:Type="String">United States</Data></Cell>
    <Cell><Data ss:Type="Number">-122.3484</Data></Cell>
   </Row>
   <Row ss:AutoFitHeight="0">
    <Cell ss:Index="2"><Data ss:Type="String">Wingtip Toys Facilities</Data></Cell>
    <Cell><Data ss:Type="String">Open - Unscheduled</Data></Cell>
    <Cell><Data ss:Type="String">Wingtip Toys Facilities</Data></Cell>
    <Cell><Data ss:Type="String">Regulatory Inspection</Data></Cell>
    <Cell><Data ss:Type="String">Inspection</Data></Cell>
    <Cell><Data ss:Type="String">On Site</Data></Cell>
    <Cell><Data ss:Type="String">WA</Data></Cell>
    <Cell><Data ss:Type="String">Default Price List</Data></Cell>
    <Cell><Data ss:Type="String">No</Data></Cell>
    <Cell><Data ss:Type="String">3205 Harrison St</Data></Cell>
    <Cell><Data ss:Type="Number">47.622001590000004</Data></Cell>
    <Cell><Data ss:Type="String">Seattle</Data></Cell>
    <Cell><Data ss:Type="String">WA</Data></Cell>
    <Cell><Data ss:Type="Number">98109</Data></Cell>
    <Cell><Data ss:Type="String">United States</Data></Cell>
    <Cell><Data ss:Type="Number">-122.3458181</Data></Cell>
   </Row>
   <Row ss:AutoFitHeight="0">
    <Cell ss:Index="2"><Data ss:Type="String">Woodgrove Bank</Data></Cell>
    <Cell><Data ss:Type="String">Open - Unscheduled</Data></Cell>
    <Cell><Data ss:Type="String">Woodgrove Bank</Data></Cell>
    <Cell><Data ss:Type="String">Camera Down</Data></Cell>
    <Cell><Data ss:Type="String">Service Call</Data></Cell>
    <Cell><Data ss:Type="String">On Site</Data></Cell>
    <Cell><Data ss:Type="String">WA</Data></Cell>
    <Cell><Data ss:Type="String">Default Price List</Data></Cell>
    <Cell><Data ss:Type="String">No</Data></Cell>
    <Cell><Data ss:Type="String">340 228 Ave. NE</Data></Cell>
    <Cell><Data ss:Type="Number">47.61236547</Data></Cell>
    <Cell><Data ss:Type="String">Sammamish</Data></Cell>
    <Cell><Data ss:Type="String">WA</Data></Cell>
    <Cell><Data ss:Type="Number">98074</Data></Cell>
    <Cell><Data ss:Type="String">United States</Data></Cell>
    <Cell><Data ss:Type="Number">-122.03549099999999</Data></Cell>
   </Row>
   <Row ss:AutoFitHeight="0">
    <Cell ss:Index="2"><Data ss:Type="String">Woodgrove Medical Systems</Data></Cell>
    <Cell><Data ss:Type="String">Open - Unscheduled</Data></Cell>
    <Cell><Data ss:Type="String">Woodgrove Medical Systems</Data></Cell>
    <Cell><Data ss:Type="String">MRI Inspection</Data></Cell>
    <Cell><Data ss:Type="String">Inspection</Data></Cell>
    <Cell><Data ss:Type="String">On Site</Data></Cell>
    <Cell><Data ss:Type="String">WA</Data></Cell>
    <Cell><Data ss:Type="String">Default Price List</Data></Cell>
    <Cell><Data ss:Type="String">No</Data></Cell>
    <Cell><Data ss:Type="String">15600 NE 8th</Data></Cell>
    <Cell><Data ss:Type="Number">47.617137</Data></Cell>
    <Cell><Data ss:Type="String">Bellevue</Data></Cell>
    <Cell><Data ss:Type="String">WA</Data></Cell>
    <Cell><Data ss:Type="Number">98008</Data></Cell>
    <Cell><Data ss:Type="String">United States</Data></Cell>
    <Cell><Data ss:Type="Number">-122.132195</Data></Cell>
   </Row>
  </Table>
  <WorksheetOptions xmlns="urn:schemas-microsoft-com:office:excel">
   <PageSetup>
    <Header x:Margin="0.3"/>
    <Footer x:Margin="0.3"/>
    <PageMargins x:Bottom="0.75" x:Left="0.7" x:Right="0.7" x:Top="0.75"/>
   </PageSetup>
   <Unsynced/>
   <Print>
    <ValidPrinterInfo/>
    <HorizontalResolution>600</HorizontalResolution>
    <VerticalResolution>600</VerticalResolution>
   </Print>
   <Selected/>
   <Panes>
    <Pane>
     <Number>3</Number>
     <ActiveRow>15</ActiveRow>
     <ActiveCol>1</ActiveCol>
    </Pane>
   </Panes>
   <ProtectObjects>False</ProtectObjects>
   <ProtectScenarios>False</ProtectScenarios>
  </WorksheetOptions>
 </Worksheet>
</Workbook>
