<Map Name="Work Order Sub-Status DM" Source="Import">
  <Description>Data map created automatically using the map settings specified during an import.</Description>
  <EntitiesPerFile>Single</EntitiesPerFile>
  <EntityMaps>
    <EntityMap TargetEntityName="msdyn_workordersubstatus" SourceEntityName="Work Order Sub-Status" Dedupe="Ignore" ProcessCode="Process">
      <AttributeMaps>
        <AttributeMap>
          <SourceAttributeName>Default Sub-Status</SourceAttributeName>
          <TargetAttributeName>msdyn_defaultsubstatus</TargetAttributeName>
          <ProcessCode>Process</ProcessCode>
          <PicklistMaps>
            <PicklistMap>
              <SourceValue>No</SourceValue>
              <TargetValue>0</TargetValue>
              <ProcessCode>Process</ProcessCode>
            </PicklistMap>
          </PicklistMaps>
        </AttributeMap>
        <AttributeMap>
          <SourceAttributeName>System Status</SourceAttributeName>
          <TargetAttributeName>msdyn_systemstatus</TargetAttributeName>
          <ProcessCode>Process</ProcessCode>
          <PicklistMaps>
            <PicklistMap>
              <SourceValue>Closed - Canceled</SourceValue>
              <TargetValue>690970005</TargetValue>
              <ProcessCode>Process</ProcessCode>
            </PicklistMap>
            <PicklistMap>
              <SourceValue>Open - Scheduled</SourceValue>
              <TargetValue>690970001</TargetValue>
              <ProcessCode>Process</ProcessCode>
            </PicklistMap>
            <PicklistMap>
              <SourceValue>Open - Completed</SourceValue>
              <TargetValue>690970003</TargetValue>
              <ProcessCode>Process</ProcessCode>
            </PicklistMap>
            <PicklistMap>
              <SourceValue>Open - Unscheduled</SourceValue>
              <TargetValue>690970000</TargetValue>
              <ProcessCode>Process</ProcessCode>
            </PicklistMap>
          </PicklistMaps>
        </AttributeMap>
        <AttributeMap>
          <SourceAttributeName>Name</SourceAttributeName>
          <TargetAttributeName>msdyn_name</TargetAttributeName>
          <ProcessCode>Process</ProcessCode>
        </AttributeMap>
      </AttributeMaps>
    </EntityMap>
  </EntityMaps>
</Map>