<Map Name="Work Order DM" Source="Import">
  <Description>Data map created automatically using the map settings specified during an import.</Description>
  <EntitiesPerFile>Single</EntitiesPerFile>
  <EntityMaps>
    <EntityMap TargetEntityName="msdyn_workorder" SourceEntityName="Work Order" Dedupe="Ignore" ProcessCode="Process">
      <AttributeMaps>
        <AttributeMap>
          <SourceAttributeName>Billing Account</SourceAttributeName>
          <TargetAttributeName>msdyn_billingaccount</TargetAttributeName>
          <ProcessCode>Process</ProcessCode>
          <LookupMaps>
            <LookupMap>
              <LookupType>System</LookupType>
              <LookupEntityName>account</LookupEntityName>
              <LookupAttributeName>name</LookupAttributeName>
              <ProcessCode>Process</ProcessCode>
            </LookupMap>
            <LookupMap>
              <LookupType>System</LookupType>
              <LookupEntityName>account</LookupEntityName>
              <LookupAttributeName>accountid</LookupAttributeName>
              <ProcessCode>Process</ProcessCode>
            </LookupMap>
          </LookupMaps>
        </AttributeMap>
        <AttributeMap>
          <SourceAttributeName>Longitude</SourceAttributeName>
          <TargetAttributeName>msdyn_longitude</TargetAttributeName>
          <ProcessCode>Process</ProcessCode>
        </AttributeMap>
        <AttributeMap>
          <SourceAttributeName>Work Order Type</SourceAttributeName>
          <TargetAttributeName>msdyn_workordertype</TargetAttributeName>
          <ProcessCode>Process</ProcessCode>
          <LookupMaps>
            <LookupMap>
              <LookupType>System</LookupType>
              <LookupEntityName>msdyn_workordertype</LookupEntityName>
              <LookupAttributeName>msdyn_workordertypeid</LookupAttributeName>
              <ProcessCode>Process</ProcessCode>
            </LookupMap>
            <LookupMap>
              <LookupType>System</LookupType>
              <LookupEntityName>msdyn_workordertype</LookupEntityName>
              <LookupAttributeName>msdyn_name</LookupAttributeName>
              <ProcessCode>Process</ProcessCode>
            </LookupMap>
          </LookupMaps>
        </AttributeMap>
        <AttributeMap>
          <SourceAttributeName>Price List</SourceAttributeName>
          <TargetAttributeName>msdyn_pricelist</TargetAttributeName>
          <ProcessCode>Process</ProcessCode>
          <LookupMaps>
            <LookupMap>
              <LookupType>System</LookupType>
              <LookupEntityName>pricelevel</LookupEntityName>
              <LookupAttributeName>pricelevelid</LookupAttributeName>
              <ProcessCode>Process</ProcessCode>
            </LookupMap>
            <LookupMap>
              <LookupType>System</LookupType>
              <LookupEntityName>pricelevel</LookupEntityName>
              <LookupAttributeName>name</LookupAttributeName>
              <ProcessCode>Process</ProcessCode>
            </LookupMap>
          </LookupMaps>
        </AttributeMap>
        <AttributeMap>
          <SourceAttributeName>Primary Incident Type</SourceAttributeName>
          <TargetAttributeName>msdyn_primaryincidenttype</TargetAttributeName>
          <ProcessCode>Process</ProcessCode>
          <LookupMaps>
            <LookupMap>
              <LookupType>System</LookupType>
              <LookupEntityName>msdyn_incidenttype</LookupEntityName>
              <LookupAttributeName>msdyn_name</LookupAttributeName>
              <ProcessCode>Process</ProcessCode>
            </LookupMap>
            <LookupMap>
              <LookupType>System</LookupType>
              <LookupEntityName>msdyn_incidenttype</LookupEntityName>
              <LookupAttributeName>msdyn_incidenttypeid</LookupAttributeName>
              <ProcessCode>Process</ProcessCode>
            </LookupMap>
          </LookupMaps>
        </AttributeMap>
        <AttributeMap>
          <SourceAttributeName>Country/Region</SourceAttributeName>
          <TargetAttributeName>msdyn_country</TargetAttributeName>
          <ProcessCode>Process</ProcessCode>
        </AttributeMap>
        <AttributeMap>
          <SourceAttributeName>Work Order Number</SourceAttributeName>
          <TargetAttributeName>msdyn_name</TargetAttributeName>
          <ProcessCode>Process</ProcessCode>
        </AttributeMap>
        <AttributeMap>
          <SourceAttributeName>Address1</SourceAttributeName>
          <TargetAttributeName>msdyn_address1</TargetAttributeName>
          <ProcessCode>Process</ProcessCode>
        </AttributeMap>
        <AttributeMap>
          <SourceAttributeName>Postal Code</SourceAttributeName>
          <TargetAttributeName>msdyn_postalcode</TargetAttributeName>
          <ProcessCode>Process</ProcessCode>
        </AttributeMap>
        <AttributeMap>
          <SourceAttributeName>Taxable</SourceAttributeName>
          <TargetAttributeName>msdyn_taxable</TargetAttributeName>
          <ProcessCode>Process</ProcessCode>
          <PicklistMaps>
            <PicklistMap>
              <SourceValue>No</SourceValue>
              <TargetValue>0</TargetValue>
              <ProcessCode>Process</ProcessCode>
            </PicklistMap>
          </PicklistMaps>
        </AttributeMap>
        <AttributeMap>
          <SourceAttributeName>City</SourceAttributeName>
          <TargetAttributeName>msdyn_city</TargetAttributeName>
          <ProcessCode>Process</ProcessCode>
        </AttributeMap>
        <AttributeMap>
          <SourceAttributeName>State Or Province</SourceAttributeName>
          <TargetAttributeName>msdyn_stateorprovince</TargetAttributeName>
          <ProcessCode>Process</ProcessCode>
        </AttributeMap>
        <AttributeMap>
          <SourceAttributeName>Service Account</SourceAttributeName>
          <TargetAttributeName>msdyn_serviceaccount</TargetAttributeName>
          <ProcessCode>Process</ProcessCode>
          <LookupMaps>
            <LookupMap>
              <LookupType>System</LookupType>
              <LookupEntityName>account</LookupEntityName>
              <LookupAttributeName>name</LookupAttributeName>
              <ProcessCode>Process</ProcessCode>
            </LookupMap>
            <LookupMap>
              <LookupType>System</LookupType>
              <LookupEntityName>account</LookupEntityName>
              <LookupAttributeName>accountid</LookupAttributeName>
              <ProcessCode>Process</ProcessCode>
            </LookupMap>
          </LookupMaps>
        </AttributeMap>
        <AttributeMap>
          <SourceAttributeName>Latitude</SourceAttributeName>
          <TargetAttributeName>msdyn_latitude</TargetAttributeName>
          <ProcessCode>Process</ProcessCode>
        </AttributeMap>
        <AttributeMap>
          <SourceAttributeName>System Status</SourceAttributeName>
          <TargetAttributeName>msdyn_systemstatus</TargetAttributeName>
          <ProcessCode>Process</ProcessCode>
          <PicklistMaps>
            <PicklistMap>
              <SourceValue>Open - Unscheduled</SourceValue>
              <TargetValue>690970000</TargetValue>
              <ProcessCode>Process</ProcessCode>
            </PicklistMap>
          </PicklistMaps>
        </AttributeMap>
        <AttributeMap>
          <SourceAttributeName>Work Location</SourceAttributeName>
          <TargetAttributeName>msdyn_worklocation</TargetAttributeName>
          <ProcessCode>Process</ProcessCode>
          <PicklistMaps>
            <PicklistMap>
              <SourceValue>On Site</SourceValue>
              <TargetValue>690970000</TargetValue>
              <ProcessCode>Process</ProcessCode>
            </PicklistMap>
          </PicklistMaps>
        </AttributeMap>
        <AttributeMap>
          <SourceAttributeName>Service Territory</SourceAttributeName>
          <TargetAttributeName>msdyn_serviceterritory</TargetAttributeName>
          <ProcessCode>Process</ProcessCode>
          <LookupMaps>
            <LookupMap>
              <LookupType>System</LookupType>
              <LookupEntityName>territory</LookupEntityName>
              <LookupAttributeName>name</LookupAttributeName>
              <ProcessCode>Process</ProcessCode>
            </LookupMap>
            <LookupMap>
              <LookupType>System</LookupType>
              <LookupEntityName>territory</LookupEntityName>
              <LookupAttributeName>territoryid</LookupAttributeName>
              <ProcessCode>Process</ProcessCode>
            </LookupMap>
          </LookupMaps>
        </AttributeMap>
      </AttributeMaps>
    </EntityMap>
  </EntityMaps>
</Map>