<Map Name="Work Order Type DM" Source="Import">
  <Description>Data map created automatically using the map settings specified during an import.</Description>
  <EntitiesPerFile>Single</EntitiesPerFile>
  <EntityMaps>
    <EntityMap TargetEntityName="msdyn_workordertype" SourceEntityName="Work Order Type" Dedupe="Ignore" ProcessCode="Process">
      <AttributeMaps>
        <AttributeMap>
          <SourceAttributeName>Name</SourceAttributeName>
          <TargetAttributeName>msdyn_name</TargetAttributeName>
          <ProcessCode>Process</ProcessCode>
        </AttributeMap>
        <AttributeMap>
          <SourceAttributeName>Taxable</SourceAttributeName>
          <TargetAttributeName>msdyn_taxable</TargetAttributeName>
          <ProcessCode>Process</ProcessCode>
          <PicklistMaps>
            <PicklistMap>
              <SourceValue>Yes</SourceValue>
              <TargetValue>1</TargetValue>
              <ProcessCode>Process</ProcessCode>
            </PicklistMap>
          </PicklistMaps>
        </AttributeMap>
        <AttributeMap>
          <SourceAttributeName>Price List</SourceAttributeName>
          <TargetAttributeName>msdyn_pricelist</TargetAttributeName>
          <ProcessCode>Process</ProcessCode>
          <LookupMaps>
            <LookupMap>
              <LookupType>System</LookupType>
              <LookupEntityName>pricelevel</LookupEntityName>
              <LookupAttributeName>pricelevelid</LookupAttributeName>
              <ProcessCode>Process</ProcessCode>
            </LookupMap>
            <LookupMap>
              <LookupType>System</LookupType>
              <LookupEntityName>pricelevel</LookupEntityName>
              <LookupAttributeName>name</LookupAttributeName>
              <ProcessCode>Process</ProcessCode>
            </LookupMap>
            <LookupMap>
              <LookupType>Source</LookupType>
              <LookupEntityName>Price List</LookupEntityName>
              <LookupAttributeName>Name</LookupAttributeName>
              <ProcessCode>Process</ProcessCode>
            </LookupMap>
          </LookupMaps>
        </AttributeMap>
        <AttributeMap>
          <SourceAttributeName>Incident Required</SourceAttributeName>
          <TargetAttributeName>msdyn_incidentrequired</TargetAttributeName>
          <ProcessCode>Process</ProcessCode>
          <PicklistMaps>
            <PicklistMap>
              <SourceValue>No</SourceValue>
              <TargetValue>0</TargetValue>
              <ProcessCode>Process</ProcessCode>
            </PicklistMap>
          </PicklistMaps>
        </AttributeMap>
      </AttributeMaps>
    </EntityMap>
  </EntityMaps>
</Map>